crop_name,loc_id,year,yield
Grain maize,FR102,1989,7.9
Grain maize,FR102,1990,5.5
Grain maize,FR102,1991,7.7
Grain maize,FR102,1992,7.1
Grain maize,FR102,1993,7.7
Grain maize,FR102,1994,8.0
Grain maize,FR102,1995,7.7
Grain maize,FR102,1996,8.0
Grain maize,FR102,1997,9.5
Grain maize,FR102,1998,8.587
Grain maize,FR102,1999,10.044
Grain maize,FR102,2000,10.043
Grain maize,FR102,2001,9.11
Grain maize,FR102,2002,8.884
Grain maize,FR102,2003,7.392
Grain maize,FR102,2004,9.561
Grain maize,FR102,2005,10.0
Grain maize,FR102,2006,9.195
Grain maize,FR102,2007,10.742
Grain maize,FR102,2008,9.535
Grain maize,FR102,2009,9.734
Grain maize,FR102,2010,10.82
Grain maize,FR102,2011,11.05
Grain maize,FR102,2012,9.62
Grain maize,FR102,2013,9.789
Grain maize,FR102,2014,10.81
Grain maize,FR102,2015,8.58
Grain maize,FR102,2016,7.075
Grain maize,FR102,2017,11.413
Grain maize,FR102,2018,8.27
Grain maize,FR102,2019,8.31
Grain maize,FR102,2020,7.15
Grain maize,FR103,1989,6.9
Grain maize,FR103,1990,4.7
Grain maize,FR103,1991,6.9
Grain maize,FR103,1992,7.832
Grain maize,FR103,1993,7.2
Grain maize,FR103,1994,8.4
Grain maize,FR103,1995,7.1
Grain maize,FR103,1996,7.1
Grain maize,FR103,1997,8.5
Grain maize,FR103,1998,8.629
Grain maize,FR103,1999,8.4
Grain maize,FR103,2000,9.7
Grain maize,FR103,2001,8.112
Grain maize,FR103,2002,8.515
Grain maize,FR103,2003,6.653
Grain maize,FR103,2004,9.156
Grain maize,FR103,2005,8.607
Grain maize,FR103,2006,9.012
Grain maize,FR103,2007,9.9
Grain maize,FR103,2008,9.64
Grain maize,FR103,2009,8.788
Grain maize,FR103,2010,9.46
Grain maize,FR103,2011,10.51
Grain maize,FR103,2012,9.24
Grain maize,FR103,2013,9.689
Grain maize,FR103,2014,10.818
Grain maize,FR103,2015,8.381
Grain maize,FR103,2016,6.65
Grain maize,FR103,2017,10.589
Grain maize,FR103,2018,8.31
Grain maize,FR103,2019,7.72
Grain maize,FR103,2020,6.36
Grain maize,FR104,1989,6.1
Grain maize,FR104,1990,4.3
Grain maize,FR104,1991,8.3
Grain maize,FR104,1992,6.0
Grain maize,FR104,1993,8.0
Grain maize,FR104,1994,8.5
Grain maize,FR104,1995,7.7
Grain maize,FR104,1996,7.509
Grain maize,FR104,1997,9.009
Grain maize,FR104,1998,8.333
Grain maize,FR104,1999,9.335
Grain maize,FR104,2000,9.698
Grain maize,FR104,2001,9.15
Grain maize,FR104,2002,8.695
Grain maize,FR104,2003,7.845
Grain maize,FR104,2004,9.327
Grain maize,FR104,2005,9.405
Grain maize,FR104,2006,8.522
Grain maize,FR104,2007,9.943
Grain maize,FR104,2008,9.57
Grain maize,FR104,2009,8.837
Grain maize,FR104,2010,10.49
Grain maize,FR104,2011,10.98
Grain maize,FR104,2012,9.34
Grain maize,FR104,2013,9.511
Grain maize,FR104,2014,11.223
Grain maize,FR104,2015,8.832
Grain maize,FR104,2016,6.834
Grain maize,FR104,2017,10.589
Grain maize,FR104,2018,8.54
Grain maize,FR104,2019,8.029
Grain maize,FR104,2020,6.9
Grain maize,FR105,1995,10.0
Grain maize,FR105,1996,10.0
Grain maize,FR105,1997,10.0
Grain maize,FR105,1998,10.0
Grain maize,FR105,1999,10.0
Grain maize,FR105,2000,10.0
Grain maize,FR105,2001,10.0
Grain maize,FR105,2002,8.7
Grain maize,FR105,2003,0.0
Grain maize,FR105,2004,0.0
Grain maize,FR105,2005,0.0
Grain maize,FR105,2006,0.0
Grain maize,FR105,2007,0.0
Grain maize,FR105,2008,0.0
Grain maize,FR105,2009,0.0
Grain maize,FR105,2010,0.0
Grain maize,FR105,2011,0.0
Grain maize,FR105,2012,0.0
Grain maize,FR105,2013,0.0
Grain maize,FR105,2014,0.0
Grain maize,FR105,2015,0.0
Grain maize,FR105,2016,0.0
Grain maize,FR105,2017,0.0
Grain maize,FR105,2018,0.0
Grain maize,FR105,2019,0.0
Grain maize,FR105,2020,0.0
Grain maize,FR106,1989,7.8
Grain maize,FR106,1990,5.0
Grain maize,FR106,1991,7.5
Grain maize,FR106,1992,8.0
Grain maize,FR106,1993,7.8
Grain maize,FR106,1994,8.9
Grain maize,FR106,1995,8.6
Grain maize,FR106,1996,7.3
Grain maize,FR106,1997,9.5
Grain maize,FR106,1998,8.4
Grain maize,FR106,1999,8.5
Grain maize,FR106,2000,10.5
Grain maize,FR106,2001,8.5
Grain maize,FR106,2002,8.7
Grain maize,FR106,2003,6.8
Grain maize,FR106,2004,8.5
Grain maize,FR106,2005,6.8
Grain maize,FR106,2006,0.0
Grain maize,FR106,2007,9.8
Grain maize,FR106,2008,9.5
Grain maize,FR106,2009,8.8
Grain maize,FR106,2010,10.0
Grain maize,FR106,2011,10.0
Grain maize,FR106,2012,9.3
Grain maize,FR106,2013,9.7
Grain maize,FR106,2014,10.8
Grain maize,FR106,2015,8.0
Grain maize,FR106,2016,6.7
Grain maize,FR106,2017,10.0
Grain maize,FR106,2018,8.5
Grain maize,FR106,2019,8.1
Grain maize,FR106,2020,5.7
Grain maize,FR107,1989,7.5
Grain maize,FR107,1990,4.5
Grain maize,FR107,1991,7.3
Grain maize,FR107,1992,7.3
Grain maize,FR107,1993,7.5
Grain maize,FR107,1994,8.6
Grain maize,FR107,1995,7.8
Grain maize,FR107,1996,7.8
Grain maize,FR107,1997,9.5
Grain maize,FR107,1998,8.4
Grain maize,FR107,1999,8.7
Grain maize,FR107,2000,10.5
Grain maize,FR107,2001,9.0
Grain maize,FR107,2002,8.7
Grain maize,FR107,2003,6.9
Grain maize,FR107,2004,8.5
Grain maize,FR107,2005,7.9
Grain maize,FR107,2006,9.0
Grain maize,FR107,2007,0.0
Grain maize,FR107,2008,9.5
Grain maize,FR107,2009,8.8
Grain maize,FR107,2010,10.4
Grain maize,FR107,2011,10.8
Grain maize,FR107,2012,9.3
Grain maize,FR107,2013,9.5
Grain maize,FR107,2014,11.2
Grain maize,FR107,2015,8.7
Grain maize,FR107,2016,6.7
Grain maize,FR107,2017,10.5
Grain maize,FR107,2018,8.2
Grain maize,FR107,2019,0.0
Grain maize,FR107,2020,6.5
Grain maize,FR108,1989,7.3
Grain maize,FR108,1990,4.8
Grain maize,FR108,1991,7.2
Grain maize,FR108,1992,8.8
Grain maize,FR108,1993,7.8
Grain maize,FR108,1994,8.4
Grain maize,FR108,1995,7.3
Grain maize,FR108,1996,7.8
Grain maize,FR108,1997,9.3
Grain maize,FR108,1998,8.4
Grain maize,FR108,1999,9.8
Grain maize,FR108,2000,10.003
Grain maize,FR108,2001,8.892
Grain maize,FR108,2002,8.802
Grain maize,FR108,2003,6.71
Grain maize,FR108,2004,9.382
Grain maize,FR108,2005,8.5
Grain maize,FR108,2006,9.0
Grain maize,FR108,2007,9.8
Grain maize,FR108,2008,9.5
Grain maize,FR108,2009,8.8
Grain maize,FR108,2010,10.0
Grain maize,FR108,2011,10.0
Grain maize,FR108,2012,9.3
Grain maize,FR108,2013,9.7
Grain maize,FR108,2014,10.8
Grain maize,FR108,2015,8.0
Grain maize,FR108,2016,6.7
Grain maize,FR108,2017,10.0
Grain maize,FR108,2018,8.5
Grain maize,FR108,2019,8.1
Grain maize,FR108,2020,5.7
Grain maize,FRB01,1989,7.2
Grain maize,FRB01,1990,5.7
Grain maize,FRB01,1991,7.2
Grain maize,FRB01,1992,8.3
Grain maize,FRB01,1993,8.5
Grain maize,FRB01,1994,8.3
Grain maize,FRB01,1995,7.8
Grain maize,FRB01,1996,7.7
Grain maize,FRB01,1997,9.0
Grain maize,FRB01,1998,8.048
Grain maize,FRB01,1999,9.418
Grain maize,FRB01,2000,9.483
Grain maize,FRB01,2001,8.822
Grain maize,FRB01,2002,8.865
Grain maize,FRB01,2003,8.253
Grain maize,FRB01,2004,9.606
Grain maize,FRB01,2005,9.421
Grain maize,FRB01,2006,9.504
Grain maize,FRB01,2007,8.904
Grain maize,FRB01,2008,9.25
Grain maize,FRB01,2009,9.009
Grain maize,FRB01,2010,9.391
Grain maize,FRB01,2011,9.831
Grain maize,FRB01,2012,8.61
Grain maize,FRB01,2013,8.74
Grain maize,FRB01,2014,10.018
Grain maize,FRB01,2015,8.209
Grain maize,FRB01,2016,6.767
Grain maize,FRB01,2017,10.541
Grain maize,FRB01,2018,9.53
Grain maize,FRB01,2019,5.84
Grain maize,FRB01,2020,7.66
Grain maize,FRB02,1989,8.083
Grain maize,FRB02,1990,7.5
Grain maize,FRB02,1991,8.8
Grain maize,FRB02,1992,8.5
Grain maize,FRB02,1993,10.2
Grain maize,FRB02,1994,10.2
Grain maize,FRB02,1995,10.0
Grain maize,FRB02,1996,9.9
Grain maize,FRB02,1997,10.1
Grain maize,FRB02,1998,9.978
Grain maize,FRB02,1999,10.675
Grain maize,FRB02,2000,10.615
Grain maize,FRB02,2001,9.79
Grain maize,FRB02,2002,9.129
Grain maize,FRB02,2003,9.079
Grain maize,FRB02,2004,10.347
Grain maize,FRB02,2005,10.388
Grain maize,FRB02,2006,9.968
Grain maize,FRB02,2007,9.97
Grain maize,FRB02,2008,10.4
Grain maize,FRB02,2009,10.187
Grain maize,FRB02,2010,10.913
Grain maize,FRB02,2011,11.36
Grain maize,FRB02,2012,10.299
Grain maize,FRB02,2013,10.886
Grain maize,FRB02,2014,11.426
Grain maize,FRB02,2015,10.551
Grain maize,FRB02,2016,9.806
Grain maize,FRB02,2017,11.83
Grain maize,FRB02,2018,11.39
Grain maize,FRB02,2019,10.55
Grain maize,FRB02,2020,9.63
Grain maize,FRB03,1989,6.219
Grain maize,FRB03,1990,4.9
Grain maize,FRB03,1991,6.6
Grain maize,FRB03,1992,9.0
Grain maize,FRB03,1993,7.9
Grain maize,FRB03,1994,7.5
Grain maize,FRB03,1995,7.5
Grain maize,FRB03,1996,7.6
Grain maize,FRB03,1997,9.0
Grain maize,FRB03,1998,7.521
Grain maize,FRB03,1999,8.542
Grain maize,FRB03,2000,8.7
Grain maize,FRB03,2001,7.968
Grain maize,FRB03,2002,8.167
Grain maize,FRB03,2003,8.237
Grain maize,FRB03,2004,8.619
Grain maize,FRB03,2005,8.432
Grain maize,FRB03,2006,8.316
Grain maize,FRB03,2007,7.475
Grain maize,FRB03,2008,7.695
Grain maize,FRB03,2009,7.99
Grain maize,FRB03,2010,8.633
Grain maize,FRB03,2011,9.61
Grain maize,FRB03,2012,7.601
Grain maize,FRB03,2013,7.97
Grain maize,FRB03,2014,9.941
Grain maize,FRB03,2015,6.837
Grain maize,FRB03,2016,5.301
Grain maize,FRB03,2017,8.724
Grain maize,FRB03,2018,7.58
Grain maize,FRB03,2019,5.11
Grain maize,FRB03,2020,6.46
Grain maize,FRB04,1989,6.2
Grain maize,FRB04,1990,4.0
Grain maize,FRB04,1991,5.0
Grain maize,FRB04,1992,7.6
Grain maize,FRB04,1993,7.1
Grain maize,FRB04,1994,7.3
Grain maize,FRB04,1995,6.5
Grain maize,FRB04,1996,6.2
Grain maize,FRB04,1997,8.053
Grain maize,FRB04,1998,7.667
Grain maize,FRB04,1999,8.416
Grain maize,FRB04,2000,8.362
Grain maize,FRB04,2001,6.527
Grain maize,FRB04,2002,7.695
Grain maize,FRB04,2003,7.917
Grain maize,FRB04,2004,7.922
Grain maize,FRB04,2005,8.034
Grain maize,FRB04,2006,7.802
Grain maize,FRB04,2007,8.836
Grain maize,FRB04,2008,7.2
Grain maize,FRB04,2009,8.021
Grain maize,FRB04,2010,8.759
Grain maize,FRB04,2011,8.919
Grain maize,FRB04,2012,8.294
Grain maize,FRB04,2013,8.057
Grain maize,FRB04,2014,10.183
Grain maize,FRB04,2015,7.719
Grain maize,FRB04,2016,5.977
Grain maize,FRB04,2017,9.334
Grain maize,FRB04,2018,8.68
Grain maize,FRB04,2019,5.71
Grain maize,FRB04,2020,7.68
Grain maize,FRB05,1989,5.966
Grain maize,FRB05,1990,5.5
Grain maize,FRB05,1991,7.2
Grain maize,FRB05,1992,7.5
Grain maize,FRB05,1993,8.0
Grain maize,FRB05,1994,8.4
Grain maize,FRB05,1995,8.4
Grain maize,FRB05,1996,8.6
Grain maize,FRB05,1997,9.4
Grain maize,FRB05,1998,8.756
Grain maize,FRB05,1999,10.273
Grain maize,FRB05,2000,9.265
Grain maize,FRB05,2001,9.227
Grain maize,FRB05,2002,8.265
Grain maize,FRB05,2003,9.444
Grain maize,FRB05,2004,9.968
Grain maize,FRB05,2005,10.475
Grain maize,FRB05,2006,8.521
Grain maize,FRB05,2007,8.981
Grain maize,FRB05,2008,9.382
Grain maize,FRB05,2009,9.489
Grain maize,FRB05,2010,9.94
Grain maize,FRB05,2011,10.583
Grain maize,FRB05,2012,8.208
Grain maize,FRB05,2013,8.3
Grain maize,FRB05,2014,10.209
Grain maize,FRB05,2015,8.414
Grain maize,FRB05,2016,7.943
Grain maize,FRB05,2017,10.532
Grain maize,FRB05,2018,10.96
Grain maize,FRB05,2019,8.38
Grain maize,FRB05,2020,9.55
Grain maize,FRB06,1989,7.776
Grain maize,FRB06,1990,6.2
Grain maize,FRB06,1991,7.7
Grain maize,FRB06,1992,7.7
Grain maize,FRB06,1993,8.5
Grain maize,FRB06,1994,9.0
Grain maize,FRB06,1995,8.4
Grain maize,FRB06,1996,8.3
Grain maize,FRB06,1997,9.4
Grain maize,FRB06,1998,9.217
Grain maize,FRB06,1999,9.46
Grain maize,FRB06,2000,9.981
Grain maize,FRB06,2001,8.611
Grain maize,FRB06,2002,8.8
Grain maize,FRB06,2003,8.902
Grain maize,FRB06,2004,10.098
Grain maize,FRB06,2005,10.221
Grain maize,FRB06,2006,9.7
Grain maize,FRB06,2007,10.036
Grain maize,FRB06,2008,10.293
Grain maize,FRB06,2009,9.557
Grain maize,FRB06,2010,10.33
Grain maize,FRB06,2011,10.96
Grain maize,FRB06,2012,10.109
Grain maize,FRB06,2013,9.9
Grain maize,FRB06,2014,10.891
Grain maize,FRB06,2015,9.08
Grain maize,FRB06,2016,7.951
Grain maize,FRB06,2017,11.358
Grain maize,FRB06,2018,10.38
Grain maize,FRB06,2019,9.2
Grain maize,FRB06,2020,9.07
Grain maize,FRC11,1989,8.0
Grain maize,FRC11,1990,6.0
Grain maize,FRC11,1991,7.2
Grain maize,FRC11,1992,7.2
Grain maize,FRC11,1993,9.0
Grain maize,FRC11,1994,8.1
Grain maize,FRC11,1995,8.0
Grain maize,FRC11,1996,8.0
Grain maize,FRC11,1997,9.6
Grain maize,FRC11,1998,8.2
Grain maize,FRC11,1999,8.8
Grain maize,FRC11,2000,10.1
Grain maize,FRC11,2001,9.1
Grain maize,FRC11,2002,9.4
Grain maize,FRC11,2003,5.6
Grain maize,FRC11,2004,10.3
Grain maize,FRC11,2005,7.3
Grain maize,FRC11,2006,8.9
Grain maize,FRC11,2007,9.2
Grain maize,FRC11,2008,10.039
Grain maize,FRC11,2009,9.505
Grain maize,FRC11,2010,9.599
Grain maize,FRC11,2011,9.7
Grain maize,FRC11,2012,9.8
Grain maize,FRC11,2013,7.8
Grain maize,FRC11,2014,10.2
Grain maize,FRC11,2015,6.3
Grain maize,FRC11,2016,10.326
Grain maize,FRC11,2017,10.247
Grain maize,FRC11,2018,8.01
Grain maize,FRC11,2019,8.7
Grain maize,FRC11,2020,6.45
Grain maize,FRC12,1989,6.4
Grain maize,FRC12,1990,6.0
Grain maize,FRC12,1991,6.2
Grain maize,FRC12,1992,7.5
Grain maize,FRC12,1993,8.2
Grain maize,FRC12,1994,7.8
Grain maize,FRC12,1995,7.5
Grain maize,FRC12,1996,8.0
Grain maize,FRC12,1997,9.4
Grain maize,FRC12,1998,7.42
Grain maize,FRC12,1999,8.376
Grain maize,FRC12,2000,8.968
Grain maize,FRC12,2001,7.1
Grain maize,FRC12,2002,8.0
Grain maize,FRC12,2003,7.1
Grain maize,FRC12,2004,8.8
Grain maize,FRC12,2005,8.2
Grain maize,FRC12,2006,7.5
Grain maize,FRC12,2007,9.1
Grain maize,FRC12,2008,9.1
Grain maize,FRC12,2009,9.759
Grain maize,FRC12,2010,9.352
Grain maize,FRC12,2011,10.2
Grain maize,FRC12,2012,9.2
Grain maize,FRC12,2013,8.8
Grain maize,FRC12,2014,10.8
Grain maize,FRC12,2015,7.5
Grain maize,FRC12,2016,10.106
Grain maize,FRC12,2017,10.389
Grain maize,FRC12,2018,8.09
Grain maize,FRC12,2019,6.46
Grain maize,FRC12,2020,7.09
Grain maize,FRC13,1989,6.7
Grain maize,FRC13,1990,5.3
Grain maize,FRC13,1991,5.4
Grain maize,FRC13,1992,7.7
Grain maize,FRC13,1993,8.2
Grain maize,FRC13,1994,6.6
Grain maize,FRC13,1995,7.0
Grain maize,FRC13,1996,7.7
Grain maize,FRC13,1997,8.4
Grain maize,FRC13,1998,8.06
Grain maize,FRC13,1999,7.807
Grain maize,FRC13,2000,9.795
Grain maize,FRC13,2001,9.0
Grain maize,FRC13,2002,9.0
Grain maize,FRC13,2003,4.7
Grain maize,FRC13,2004,9.9
Grain maize,FRC13,2005,6.8
Grain maize,FRC13,2006,7.7
Grain maize,FRC13,2007,10.4
Grain maize,FRC13,2008,9.776
Grain maize,FRC13,2009,9.342
Grain maize,FRC13,2010,9.339
Grain maize,FRC13,2011,10.2
Grain maize,FRC13,2012,10.2
Grain maize,FRC13,2013,7.5
Grain maize,FRC13,2014,10.7
Grain maize,FRC13,2015,6.3
Grain maize,FRC13,2016,9.148
Grain maize,FRC13,2017,10.119
Grain maize,FRC13,2018,8.32
Grain maize,FRC13,2019,8.25
Grain maize,FRC13,2020,5.45
Grain maize,FRC14,1989,6.8
Grain maize,FRC14,1990,5.0
Grain maize,FRC14,1991,6.0
Grain maize,FRC14,1992,6.5
Grain maize,FRC14,1993,6.5
Grain maize,FRC14,1994,7.5
Grain maize,FRC14,1995,7.0
Grain maize,FRC14,1996,6.5
Grain maize,FRC14,1997,8.2
Grain maize,FRC14,1998,7.2
Grain maize,FRC14,1999,8.553
Grain maize,FRC14,2000,9.2
Grain maize,FRC14,2001,8.6
Grain maize,FRC14,2002,8.6
Grain maize,FRC14,2003,5.4
Grain maize,FRC14,2004,8.8
Grain maize,FRC14,2005,8.4
Grain maize,FRC14,2006,7.0
Grain maize,FRC14,2007,7.3
Grain maize,FRC14,2008,8.996
Grain maize,FRC14,2009,8.346
Grain maize,FRC14,2010,9.132
Grain maize,FRC14,2011,9.7
Grain maize,FRC14,2012,7.5
Grain maize,FRC14,2013,7.8
Grain maize,FRC14,2014,10.0
Grain maize,FRC14,2015,6.3
Grain maize,FRC14,2016,5.138
Grain maize,FRC14,2017,10.585
Grain maize,FRC14,2018,6.79
Grain maize,FRC14,2019,4.61
Grain maize,FRC14,2020,5.72
Grain maize,FRC21,1989,8.0
Grain maize,FRC21,1990,7.0
Grain maize,FRC21,1991,7.0
Grain maize,FRC21,1992,7.5
Grain maize,FRC21,1993,9.2
Grain maize,FRC21,1994,7.1
Grain maize,FRC21,1995,7.8
Grain maize,FRC21,1996,8.0
Grain maize,FRC21,1997,9.0
Grain maize,FRC21,1998,8.4
Grain maize,FRC21,1999,9.0
Grain maize,FRC21,2000,9.8
Grain maize,FRC21,2001,8.3
Grain maize,FRC21,2002,8.5
Grain maize,FRC21,2003,5.0
Grain maize,FRC21,2004,9.4
Grain maize,FRC21,2005,9.0
Grain maize,FRC21,2006,6.8
Grain maize,FRC21,2007,9.1
Grain maize,FRC21,2008,8.5
Grain maize,FRC21,2009,9.2
Grain maize,FRC21,2010,8.5
Grain maize,FRC21,2011,10.5
Grain maize,FRC21,2012,9.4
Grain maize,FRC21,2013,7.5
Grain maize,FRC21,2014,9.9
Grain maize,FRC21,2015,6.3
Grain maize,FRC21,2016,6.453
Grain maize,FRC21,2017,9.3
Grain maize,FRC21,2018,5.5
Grain maize,FRC21,2019,8.36
Grain maize,FRC21,2020,6.5
Grain maize,FRC22,1989,7.8
Grain maize,FRC22,1990,5.7
Grain maize,FRC22,1991,5.7
Grain maize,FRC22,1992,7.7
Grain maize,FRC22,1993,9.1
Grain maize,FRC22,1994,7.3
Grain maize,FRC22,1995,7.8
Grain maize,FRC22,1996,8.2
Grain maize,FRC22,1997,9.0
Grain maize,FRC22,1998,8.5
Grain maize,FRC22,1999,8.8
Grain maize,FRC22,2000,10.1
Grain maize,FRC22,2001,8.8
Grain maize,FRC22,2002,9.1
Grain maize,FRC22,2003,5.4
Grain maize,FRC22,2004,9.9
Grain maize,FRC22,2005,7.6
Grain maize,FRC22,2006,6.9
Grain maize,FRC22,2007,9.49
Grain maize,FRC22,2008,8.739
Grain maize,FRC22,2009,9.374
Grain maize,FRC22,2010,8.605
Grain maize,FRC22,2011,10.9
Grain maize,FRC22,2012,9.8
Grain maize,FRC22,2013,7.6
Grain maize,FRC22,2014,10.3
Grain maize,FRC22,2015,6.6
Grain maize,FRC22,2016,8.354
Grain maize,FRC22,2017,9.806
Grain maize,FRC22,2018,6.3
Grain maize,FRC22,2019,8.92
Grain maize,FRC22,2020,6.37
Grain maize,FRC23,1989,7.3
Grain maize,FRC23,1990,5.9
Grain maize,FRC23,1991,6.9
Grain maize,FRC23,1992,7.8
Grain maize,FRC23,1993,8.8
Grain maize,FRC23,1994,7.9
Grain maize,FRC23,1995,8.1
Grain maize,FRC23,1996,7.4
Grain maize,FRC23,1997,9.4
Grain maize,FRC23,1998,7.82
Grain maize,FRC23,1999,8.413
Grain maize,FRC23,2000,10.008
Grain maize,FRC23,2001,8.5
Grain maize,FRC23,2002,9.2
Grain maize,FRC23,2003,5.0
Grain maize,FRC23,2004,9.7
Grain maize,FRC23,2005,8.2
Grain maize,FRC23,2006,6.8
Grain maize,FRC23,2007,9.47
Grain maize,FRC23,2008,8.384
Grain maize,FRC23,2009,9.281
Grain maize,FRC23,2010,8.5
Grain maize,FRC23,2011,10.2
Grain maize,FRC23,2012,9.3
Grain maize,FRC23,2013,7.6
Grain maize,FRC23,2014,9.7
Grain maize,FRC23,2015,6.0
Grain maize,FRC23,2016,8.232
Grain maize,FRC23,2017,9.405
Grain maize,FRC23,2018,5.5
Grain maize,FRC23,2019,7.2
Grain maize,FRC23,2020,5.47
Grain maize,FRC24,1989,6.9
Grain maize,FRC24,1990,6.4
Grain maize,FRC24,1991,7.0
Grain maize,FRC24,1992,7.0
Grain maize,FRC24,1993,8.5
Grain maize,FRC24,1994,6.0
Grain maize,FRC24,1995,6.5
Grain maize,FRC24,1996,8.0
Grain maize,FRC24,1997,9.0
Grain maize,FRC24,1998,7.8
Grain maize,FRC24,1999,7.5
Grain maize,FRC24,2000,9.6
Grain maize,FRC24,2001,8.0
Grain maize,FRC24,2002,9.0
Grain maize,FRC24,2003,5.5
Grain maize,FRC24,2004,10.0
Grain maize,FRC24,2005,8.8
Grain maize,FRC24,2006,6.8
Grain maize,FRC24,2007,8.9
Grain maize,FRC24,2008,8.9
Grain maize,FRC24,2009,10.0
Grain maize,FRC24,2010,8.5
Grain maize,FRC24,2011,10.6
Grain maize,FRC24,2012,9.5
Grain maize,FRC24,2013,8.2
Grain maize,FRC24,2014,10.5
Grain maize,FRC24,2015,6.5
Grain maize,FRC24,2016,6.471
Grain maize,FRC24,2017,10.7
Grain maize,FRC24,2018,7.9
Grain maize,FRD11,1989,6.296
Grain maize,FRD11,1990,3.6
Grain maize,FRD11,1991,7.0
Grain maize,FRD11,1992,8.0
Grain maize,FRD11,1993,6.7
Grain maize,FRD11,1994,7.2
Grain maize,FRD11,1995,7.5
Grain maize,FRD11,1996,7.1
Grain maize,FRD11,1997,8.1
Grain maize,FRD11,1998,8.3
Grain maize,FRD11,1999,8.6
Grain maize,FRD11,2000,8.7
Grain maize,FRD11,2001,7.5
Grain maize,FRD11,2002,7.2
Grain maize,FRD11,2003,8.6
Grain maize,FRD11,2004,7.8
Grain maize,FRD11,2005,8.6
Grain maize,FRD11,2006,9.6
Grain maize,FRD11,2007,8.2
Grain maize,FRD11,2008,8.9
Grain maize,FRD11,2009,8.8
Grain maize,FRD11,2010,8.8
Grain maize,FRD11,2011,9.5
Grain maize,FRD11,2012,8.7
Grain maize,FRD11,2013,8.919
Grain maize,FRD11,2014,8.703
Grain maize,FRD11,2015,9.3
Grain maize,FRD11,2016,7.2
Grain maize,FRD11,2017,9.5
Grain maize,FRD11,2018,8.8
Grain maize,FRD11,2019,8.2
Grain maize,FRD11,2020,8.2
Grain maize,FRD12,1989,6.0
Grain maize,FRD12,1990,6.5
Grain maize,FRD12,1991,7.8
Grain maize,FRD12,1992,8.5
Grain maize,FRD12,1993,8.2
Grain maize,FRD12,1994,8.7
Grain maize,FRD12,1995,8.5
Grain maize,FRD12,1996,8.5
Grain maize,FRD12,1997,9.0
Grain maize,FRD12,1998,8.5
Grain maize,FRD12,1999,9.2
Grain maize,FRD12,2000,8.8
Grain maize,FRD12,2001,8.5
Grain maize,FRD12,2002,9.0
Grain maize,FRD12,2003,7.8
Grain maize,FRD12,2004,9.0
Grain maize,FRD12,2005,9.5
Grain maize,FRD12,2006,8.8
Grain maize,FRD12,2007,8.4
Grain maize,FRD12,2008,8.8
Grain maize,FRD12,2009,9.6
Grain maize,FRD12,2010,9.0
Grain maize,FRD12,2011,9.5
Grain maize,FRD12,2012,8.0
Grain maize,FRD12,2013,9.004
Grain maize,FRD12,2014,9.006
Grain maize,FRD12,2015,9.1
Grain maize,FRD12,2016,8.8
Grain maize,FRD12,2017,10.2
Grain maize,FRD12,2018,9.7
Grain maize,FRD12,2019,9.0
Grain maize,FRD12,2020,10.0
Grain maize,FRD13,1989,5.9
Grain maize,FRD13,1990,4.4
Grain maize,FRD13,1991,6.1
Grain maize,FRD13,1992,7.6
Grain maize,FRD13,1993,6.4
Grain maize,FRD13,1994,7.7
Grain maize,FRD13,1995,7.2
Grain maize,FRD13,1996,6.5
Grain maize,FRD13,1997,9.0
Grain maize,FRD13,1998,6.5
Grain maize,FRD13,1999,9.2
Grain maize,FRD13,2000,8.7
Grain maize,FRD13,2001,8.2
Grain maize,FRD13,2002,8.2
Grain maize,FRD13,2003,7.5
Grain maize,FRD13,2004,8.7
Grain maize,FRD13,2005,8.0
Grain maize,FRD13,2006,7.7
Grain maize,FRD13,2007,9.3
Grain maize,FRD13,2008,8.2
Grain maize,FRD13,2009,8.5
Grain maize,FRD13,2010,8.2
Grain maize,FRD13,2011,8.5
Grain maize,FRD13,2012,7.7
Grain maize,FRD13,2013,8.211
Grain maize,FRD13,2014,8.106
Grain maize,FRD13,2015,7.6
Grain maize,FRD13,2016,7.1
Grain maize,FRD13,2017,9.0
Grain maize,FRD13,2018,8.3
Grain maize,FRD13,2019,7.2
Grain maize,FRD13,2020,6.3
Grain maize,FRD21,1989,6.5
Grain maize,FRD21,1990,4.4
Grain maize,FRD21,1991,6.5
Grain maize,FRD21,1992,8.5
Grain maize,FRD21,1993,7.0
Grain maize,FRD21,1994,8.2
Grain maize,FRD21,1995,7.1
Grain maize,FRD21,1996,7.0
Grain maize,FRD21,1997,9.0
Grain maize,FRD21,1998,8.3
Grain maize,FRD21,1999,9.119
Grain maize,FRD21,2000,8.842
Grain maize,FRD21,2001,8.8
Grain maize,FRD21,2002,8.8
Grain maize,FRD21,2003,7.0
Grain maize,FRD21,2004,7.999
Grain maize,FRD21,2005,8.0
Grain maize,FRD21,2006,9.0
Grain maize,FRD21,2007,9.3
Grain maize,FRD21,2008,9.2
Grain maize,FRD21,2009,9.2
Grain maize,FRD21,2010,8.5
Grain maize,FRD21,2011,9.6
Grain maize,FRD21,2012,8.4
Grain maize,FRD21,2013,8.7
Grain maize,FRD21,2014,9.2
Grain maize,FRD21,2015,8.0
Grain maize,FRD21,2016,6.1
Grain maize,FRD21,2017,8.4
Grain maize,FRD21,2018,9.0
Grain maize,FRD21,2019,7.5
Grain maize,FRD21,2020,7.2
Grain maize,FRD22,1989,7.818
Grain maize,FRD22,1990,7.0
Grain maize,FRD22,1991,7.5
Grain maize,FRD22,1992,8.5
Grain maize,FRD22,1993,7.2
Grain maize,FRD22,1994,7.6
Grain maize,FRD22,1995,7.5
Grain maize,FRD22,1996,8.2
Grain maize,FRD22,1997,9.0
Grain maize,FRD22,1998,8.0
Grain maize,FRD22,1999,9.0
Grain maize,FRD22,2000,7.9
Grain maize,FRD22,2001,8.5
Grain maize,FRD22,2002,8.8
Grain maize,FRD22,2003,9.0
Grain maize,FRD22,2004,9.0
Grain maize,FRD22,2005,9.2
Grain maize,FRD22,2006,9.0
Grain maize,FRD22,2007,7.6
Grain maize,FRD22,2008,8.7
Grain maize,FRD22,2009,8.7
Grain maize,FRD22,2010,8.6
Grain maize,FRD22,2011,9.7
Grain maize,FRD22,2012,7.1
Grain maize,FRD22,2013,7.9
Grain maize,FRD22,2014,8.5
Grain maize,FRD22,2015,9.2
Grain maize,FRD22,2016,7.8
Grain maize,FRD22,2017,8.0
Grain maize,FRD22,2018,8.5
Grain maize,FRD22,2019,8.2
Grain maize,FRD22,2020,8.4
Grain maize,FRE11,1989,7.5
Grain maize,FRE11,1990,5.5
Grain maize,FRE11,1991,8.0
Grain maize,FRE11,1992,8.7
Grain maize,FRE11,1993,8.1
Grain maize,FRE11,1994,7.5
Grain maize,FRE11,1995,7.9
Grain maize,FRE11,1996,8.0
Grain maize,FRE11,1997,10.4
Grain maize,FRE11,1998,7.838
Grain maize,FRE11,1999,9.8
Grain maize,FRE11,2000,9.0
Grain maize,FRE11,2001,8.5
Grain maize,FRE11,2002,8.4
Grain maize,FRE11,2003,9.4
Grain maize,FRE11,2004,9.1
Grain maize,FRE11,2005,9.4
Grain maize,FRE11,2006,10.0
Grain maize,FRE11,2007,10.0
Grain maize,FRE11,2008,10.0
Grain maize,FRE11,2009,10.3
Grain maize,FRE11,2010,10.4
Grain maize,FRE11,2011,10.5
Grain maize,FRE11,2012,9.3
Grain maize,FRE11,2013,9.1
Grain maize,FRE11,2014,11.2
Grain maize,FRE11,2015,9.2
Grain maize,FRE11,2016,7.601
Grain maize,FRE11,2017,10.0
Grain maize,FRE11,2018,8.5
Grain maize,FRE11,2019,9.1
Grain maize,FRE11,2020,8.5
Grain maize,FRE12,1989,7.0
Grain maize,FRE12,1990,5.0
Grain maize,FRE12,1991,6.0
Grain maize,FRE12,1992,8.0
Grain maize,FRE12,1993,8.0
Grain maize,FRE12,1994,7.0
Grain maize,FRE12,1995,7.5
Grain maize,FRE12,1996,8.0
Grain maize,FRE12,1997,8.9
Grain maize,FRE12,1998,8.38
Grain maize,FRE12,1999,8.99
Grain maize,FRE12,2000,8.0
Grain maize,FRE12,2001,8.5
Grain maize,FRE12,2002,7.6
Grain maize,FRE12,2003,8.8
Grain maize,FRE12,2004,9.4
Grain maize,FRE12,2005,9.0
Grain maize,FRE12,2006,9.8
Grain maize,FRE12,2007,9.7
Grain maize,FRE12,2008,10.0
Grain maize,FRE12,2009,10.3
Grain maize,FRE12,2010,9.6
Grain maize,FRE12,2011,10.2
Grain maize,FRE12,2012,9.3
Grain maize,FRE12,2013,9.1
Grain maize,FRE12,2014,11.2
Grain maize,FRE12,2015,9.0
Grain maize,FRE12,2016,7.891
Grain maize,FRE12,2017,10.0
Grain maize,FRE12,2018,8.58
Grain maize,FRE12,2019,9.1
Grain maize,FRE12,2020,8.5
Grain maize,FRE21,1989,7.4
Grain maize,FRE21,1990,6.0
Grain maize,FRE21,1991,7.3
Grain maize,FRE21,1992,8.3
Grain maize,FRE21,1993,8.1
Grain maize,FRE21,1994,7.5
Grain maize,FRE21,1995,7.6
Grain maize,FRE21,1996,7.8
Grain maize,FRE21,1997,9.3
Grain maize,FRE21,1998,8.521
Grain maize,FRE21,1999,9.932
Grain maize,FRE21,2000,9.475
Grain maize,FRE21,2001,8.738
Grain maize,FRE21,2002,8.89
Grain maize,FRE21,2003,8.626
Grain maize,FRE21,2004,10.198
Grain maize,FRE21,2005,9.212
Grain maize,FRE21,2006,8.738
Grain maize,FRE21,2007,9.8
Grain maize,FRE21,2008,9.535
Grain maize,FRE21,2009,9.636
Grain maize,FRE21,2010,9.348
Grain maize,FRE21,2011,10.241
Grain maize,FRE21,2012,9.0
Grain maize,FRE21,2013,9.0
Grain maize,FRE21,2014,10.2
Grain maize,FRE21,2015,8.8
Grain maize,FRE21,2016,7.723
Grain maize,FRE21,2017,10.092
Grain maize,FRE21,2018,8.33
Grain maize,FRE21,2019,8.76
Grain maize,FRE21,2020,6.67
Grain maize,FRE22,1989,6.675
Grain maize,FRE22,1990,4.2
Grain maize,FRE22,1991,6.7
Grain maize,FRE22,1992,8.3
Grain maize,FRE22,1993,8.0
Grain maize,FRE22,1994,7.4
Grain maize,FRE22,1995,7.5
Grain maize,FRE22,1996,8.3
Grain maize,FRE22,1997,9.3
Grain maize,FRE22,1998,8.461
Grain maize,FRE22,1999,9.536
Grain maize,FRE22,2000,9.654
Grain maize,FRE22,2001,8.907
Grain maize,FRE22,2002,8.639
Grain maize,FRE22,2003,7.656
Grain maize,FRE22,2004,9.506
Grain maize,FRE22,2005,8.53
Grain maize,FRE22,2006,8.793
Grain maize,FRE22,2007,9.302
Grain maize,FRE22,2008,9.213
Grain maize,FRE22,2009,9.413
Grain maize,FRE22,2010,9.123
Grain maize,FRE22,2011,10.228
Grain maize,FRE22,2012,8.7
Grain maize,FRE22,2013,9.0
Grain maize,FRE22,2014,9.8
Grain maize,FRE22,2015,8.3
Grain maize,FRE22,2016,7.224
Grain maize,FRE22,2017,10.044
Grain maize,FRE22,2018,8.07
Grain maize,FRE22,2019,8.54
Grain maize,FRE22,2020,7.07
Grain maize,FRE23,1989,6.739
Grain maize,FRE23,1990,4.3
Grain maize,FRE23,1991,7.1
Grain maize,FRE23,1992,8.3
Grain maize,FRE23,1993,8.0
Grain maize,FRE23,1994,7.7
Grain maize,FRE23,1995,7.8
Grain maize,FRE23,1996,8.3
Grain maize,FRE23,1997,9.4
Grain maize,FRE23,1998,8.511
Grain maize,FRE23,1999,9.909
Grain maize,FRE23,2000,9.036
Grain maize,FRE23,2001,8.941
Grain maize,FRE23,2002,8.994
Grain maize,FRE23,2003,9.334
Grain maize,FRE23,2004,9.591
Grain maize,FRE23,2005,9.745
Grain maize,FRE23,2006,9.373
Grain maize,FRE23,2007,9.03
Grain maize,FRE23,2008,9.508
Grain maize,FRE23,2009,9.508
Grain maize,FRE23,2010,9.017
Grain maize,FRE23,2011,10.021
Grain maize,FRE23,2012,9.3
Grain maize,FRE23,2013,9.3
Grain maize,FRE23,2014,10.3
Grain maize,FRE23,2015,8.9
Grain maize,FRE23,2016,7.415
Grain maize,FRE23,2017,10.103
Grain maize,FRE23,2018,8.34
Grain maize,FRE23,2019,8.82
Grain maize,FRE23,2020,8.44
Grain maize,FRF11,1989,9.5
Grain maize,FRF11,1990,7.6
Grain maize,FRF11,1991,8.4
Grain maize,FRF11,1992,9.0
Grain maize,FRF11,1993,9.8
Grain maize,FRF11,1994,9.3
Grain maize,FRF11,1995,9.1
Grain maize,FRF11,1996,9.0
Grain maize,FRF11,1997,9.8
Grain maize,FRF11,1998,9.068
Grain maize,FRF11,1999,10.428
Grain maize,FRF11,2000,10.929
Grain maize,FRF11,2001,9.0
Grain maize,FRF11,2002,10.3
Grain maize,FRF11,2003,8.4
Grain maize,FRF11,2004,10.0
Grain maize,FRF11,2005,10.2
Grain maize,FRF11,2006,8.5
Grain maize,FRF11,2007,10.511
Grain maize,FRF11,2008,10.801
Grain maize,FRF11,2009,10.98
Grain maize,FRF11,2010,9.982
Grain maize,FRF11,2011,11.8
Grain maize,FRF11,2012,11.874
Grain maize,FRF11,2013,9.202
Grain maize,FRF11,2014,11.174
Grain maize,FRF11,2015,9.261
Grain maize,FRF11,2016,10.242
Grain maize,FRF11,2017,11.648
Grain maize,FRF11,2018,10.03
Grain maize,FRF11,2019,9.94
Grain maize,FRF11,2020,9.34
Grain maize,FRF12,1989,9.7
Grain maize,FRF12,1990,9.0
Grain maize,FRF12,1991,9.5
Grain maize,FRF12,1992,9.0
Grain maize,FRF12,1993,10.1
Grain maize,FRF12,1994,9.4
Grain maize,FRF12,1995,8.9
Grain maize,FRF12,1996,9.4
Grain maize,FRF12,1997,10.198
Grain maize,FRF12,1998,10.105
Grain maize,FRF12,1999,10.092
Grain maize,FRF12,2000,11.027
Grain maize,FRF12,2001,9.8
Grain maize,FRF12,2002,10.1
Grain maize,FRF12,2003,8.8
Grain maize,FRF12,2004,10.7
Grain maize,FRF12,2005,10.5
Grain maize,FRF12,2006,10.0
Grain maize,FRF12,2007,10.8
Grain maize,FRF12,2008,11.013
Grain maize,FRF12,2009,11.386
Grain maize,FRF12,2010,10.105
Grain maize,FRF12,2011,12.5
Grain maize,FRF12,2012,12.144
Grain maize,FRF12,2013,10.43
Grain maize,FRF12,2014,12.022
Grain maize,FRF12,2015,11.181
Grain maize,FRF12,2016,10.546
Grain maize,FRF12,2017,12.017
Grain maize,FRF12,2018,11.95
Grain maize,FRF12,2019,11.87
Grain maize,FRF12,2020,12.04
Grain maize,FRF21,1989,7.9
Grain maize,FRF21,1990,7.1
Grain maize,FRF21,1991,8.3
Grain maize,FRF21,1992,8.8
Grain maize,FRF21,1993,8.9
Grain maize,FRF21,1994,8.4
Grain maize,FRF21,1995,8.1
Grain maize,FRF21,1996,8.2
Grain maize,FRF21,1997,9.4
Grain maize,FRF21,1998,8.4
Grain maize,FRF21,1999,9.7
Grain maize,FRF21,2000,9.5
Grain maize,FRF21,2001,8.5
Grain maize,FRF21,2002,8.5
Grain maize,FRF21,2003,8.8
Grain maize,FRF21,2004,9.8
Grain maize,FRF21,2005,9.7
Grain maize,FRF21,2006,9.3
Grain maize,FRF21,2007,9.1
Grain maize,FRF21,2008,9.1
Grain maize,FRF21,2009,9.5
Grain maize,FRF21,2010,9.06
Grain maize,FRF21,2011,9.85
Grain maize,FRF21,2012,9.21
Grain maize,FRF21,2013,8.44
Grain maize,FRF21,2014,10.18
Grain maize,FRF21,2015,9.29
Grain maize,FRF21,2016,9.67
Grain maize,FRF21,2017,10.7
Grain maize,FRF21,2018,7.85
Grain maize,FRF21,2019,8.3
Grain maize,FRF21,2020,7.0
Grain maize,FRF22,1989,7.5
Grain maize,FRF22,1990,6.0
Grain maize,FRF22,1991,6.7
Grain maize,FRF22,1992,7.6
Grain maize,FRF22,1993,8.7
Grain maize,FRF22,1994,8.0
Grain maize,FRF22,1995,6.5
Grain maize,FRF22,1996,7.2
Grain maize,FRF22,1997,9.5
Grain maize,FRF22,1998,7.1
Grain maize,FRF22,1999,8.8
Grain maize,FRF22,2000,9.8
Grain maize,FRF22,2001,8.9
Grain maize,FRF22,2002,8.6
Grain maize,FRF22,2003,6.6
Grain maize,FRF22,2004,8.5
Grain maize,FRF22,2005,8.7
Grain maize,FRF22,2006,7.6
Grain maize,FRF22,2007,9.67
Grain maize,FRF22,2008,8.554
Grain maize,FRF22,2009,9.268
Grain maize,FRF22,2010,8.92
Grain maize,FRF22,2011,10.0
Grain maize,FRF22,2012,8.45
Grain maize,FRF22,2013,6.653
Grain maize,FRF22,2014,10.03
Grain maize,FRF22,2015,4.84
Grain maize,FRF22,2016,5.3
Grain maize,FRF22,2017,10.55
Grain maize,FRF22,2018,6.5
Grain maize,FRF22,2019,6.5
Grain maize,FRF22,2020,6.49
Grain maize,FRF23,1989,7.6
Grain maize,FRF23,1990,6.5
Grain maize,FRF23,1991,6.9
Grain maize,FRF23,1992,8.6
Grain maize,FRF23,1993,8.3
Grain maize,FRF23,1994,8.1
Grain maize,FRF23,1995,7.5
Grain maize,FRF23,1996,7.9
Grain maize,FRF23,1997,9.4
Grain maize,FRF23,1998,8.3
Grain maize,FRF23,1999,9.3
Grain maize,FRF23,2000,9.8
Grain maize,FRF23,2001,8.8
Grain maize,FRF23,2002,8.5
Grain maize,FRF23,2003,6.4
Grain maize,FRF23,2004,9.2
Grain maize,FRF23,2005,8.9
Grain maize,FRF23,2006,7.6
Grain maize,FRF23,2007,10.0
Grain maize,FRF23,2008,8.8
Grain maize,FRF23,2009,9.3
Grain maize,FRF23,2010,8.7
Grain maize,FRF23,2011,9.52
Grain maize,FRF23,2012,9.23
Grain maize,FRF23,2013,7.705
Grain maize,FRF23,2014,9.93
Grain maize,FRF23,2015,6.57
Grain maize,FRF23,2016,7.5
Grain maize,FRF23,2017,10.4
Grain maize,FRF23,2018,7.0
Grain maize,FRF23,2019,6.9
Grain maize,FRF23,2020,6.99
Grain maize,FRF24,1989,7.0
Grain maize,FRF24,1990,7.0
Grain maize,FRF24,1991,6.2
Grain maize,FRF24,1992,8.5
Grain maize,FRF24,1993,8.0
Grain maize,FRF24,1994,6.9
Grain maize,FRF24,1995,6.5
Grain maize,FRF24,1996,6.7
Grain maize,FRF24,1997,7.6
Grain maize,FRF24,1998,6.3
Grain maize,FRF24,1999,7.3
Grain maize,FRF24,2000,7.4
Grain maize,FRF24,2001,7.51
Grain maize,FRF24,2002,8.1
Grain maize,FRF24,2003,5.5
Grain maize,FRF24,2004,9.4
Grain maize,FRF24,2005,8.7
Grain maize,FRF24,2006,6.5
Grain maize,FRF24,2007,8.7
Grain maize,FRF24,2008,7.9
Grain maize,FRF24,2009,8.9
Grain maize,FRF24,2010,7.7
Grain maize,FRF24,2011,9.6
Grain maize,FRF24,2012,8.08
Grain maize,FRF24,2013,6.56
Grain maize,FRF24,2014,9.41
Grain maize,FRF24,2015,5.09
Grain maize,FRF24,2016,7.13
Grain maize,FRF24,2017,9.6
Grain maize,FRF24,2018,5.5
Grain maize,FRF24,2019,5.0
Grain maize,FRF24,2020,4.93
Grain maize,FRF31,1989,7.5
Grain maize,FRF31,1990,5.0
Grain maize,FRF31,1991,5.0
Grain maize,FRF31,1992,7.5
Grain maize,FRF31,1993,7.8
Grain maize,FRF31,1994,7.3
Grain maize,FRF31,1995,6.8
Grain maize,FRF31,1996,6.5
Grain maize,FRF31,1997,8.2
Grain maize,FRF31,1998,7.0
Grain maize,FRF31,1999,8.486
Grain maize,FRF31,2000,9.0
Grain maize,FRF31,2001,7.0
Grain maize,FRF31,2002,7.3
Grain maize,FRF31,2003,5.5
Grain maize,FRF31,2004,9.0
Grain maize,FRF31,2005,8.0
Grain maize,FRF31,2006,6.5
Grain maize,FRF31,2007,7.549
Grain maize,FRF31,2008,7.4
Grain maize,FRF31,2009,9.0
Grain maize,FRF31,2010,8.599
Grain maize,FRF31,2011,10.166
Grain maize,FRF31,2012,7.34
Grain maize,FRF31,2013,7.2
Grain maize,FRF31,2014,9.5
Grain maize,FRF31,2015,4.9
Grain maize,FRF31,2016,6.5
Grain maize,FRF31,2017,9.75
Grain maize,FRF31,2018,6.0
Grain maize,FRF31,2019,5.5
Grain maize,FRF31,2020,5.0
Grain maize,FRF32,1989,7.2
Grain maize,FRF32,1990,5.0
Grain maize,FRF32,1991,6.4
Grain maize,FRF32,1992,7.5
Grain maize,FRF32,1993,8.0
Grain maize,FRF32,1994,7.5
Grain maize,FRF32,1995,7.5
Grain maize,FRF32,1996,7.5
Grain maize,FRF32,1997,7.7
Grain maize,FRF32,1998,7.0
Grain maize,FRF32,1999,8.5
Grain maize,FRF32,2000,9.0
Grain maize,FRF32,2001,7.3
Grain maize,FRF32,2002,7.8
Grain maize,FRF32,2003,6.66
Grain maize,FRF32,2004,8.959
Grain maize,FRF32,2005,8.2
Grain maize,FRF32,2006,7.0
Grain maize,FRF32,2007,9.449
Grain maize,FRF32,2008,8.1
Grain maize,FRF32,2009,9.0
Grain maize,FRF32,2010,8.263
Grain maize,FRF32,2011,10.249
Grain maize,FRF32,2012,7.899
Grain maize,FRF32,2013,7.3
Grain maize,FRF32,2014,10.0
Grain maize,FRF32,2015,5.8
Grain maize,FRF32,2016,6.58
Grain maize,FRF32,2017,10.35
Grain maize,FRF32,2018,6.0
Grain maize,FRF32,2019,5.4
Grain maize,FRF32,2020,5.5
Grain maize,FRF33,1989,7.0
Grain maize,FRF33,1990,5.0
Grain maize,FRF33,1991,5.0
Grain maize,FRF33,1992,7.0
Grain maize,FRF33,1993,7.5
Grain maize,FRF33,1994,7.5
Grain maize,FRF33,1995,6.5
Grain maize,FRF33,1996,6.5
Grain maize,FRF33,1997,7.7
Grain maize,FRF33,1998,6.5
Grain maize,FRF33,1999,7.7
Grain maize,FRF33,2000,8.202
Grain maize,FRF33,2001,6.3
Grain maize,FRF33,2002,7.7
Grain maize,FRF33,2003,5.4
Grain maize,FRF33,2004,8.5
Grain maize,FRF33,2005,7.9
Grain maize,FRF33,2006,7.0
Grain maize,FRF33,2007,9.245
Grain maize,FRF33,2008,8.0
Grain maize,FRF33,2009,9.0
Grain maize,FRF33,2010,7.874
Grain maize,FRF33,2011,9.448
Grain maize,FRF33,2012,8.387
Grain maize,FRF33,2013,7.2
Grain maize,FRF33,2014,9.6
Grain maize,FRF33,2015,5.3
Grain maize,FRF33,2016,7.06
Grain maize,FRF33,2017,9.65
Grain maize,FRF33,2018,6.0
Grain maize,FRF33,2019,6.0
Grain maize,FRF33,2020,5.2
Grain maize,FRF34,1989,5.5
Grain maize,FRF34,1990,5.0
Grain maize,FRF34,1991,4.5
Grain maize,FRF34,1992,7.0
Grain maize,FRF34,1993,7.5
Grain maize,FRF34,1994,6.5
Grain maize,FRF34,1995,5.0
Grain maize,FRF34,1996,6.7
Grain maize,FRF34,1997,8.0
Grain maize,FRF34,1998,6.0
Grain maize,FRF34,1999,8.0
Grain maize,FRF34,2000,8.5
Grain maize,FRF34,2001,6.5
Grain maize,FRF34,2002,7.5
Grain maize,FRF34,2003,0.0
Grain maize,FRF34,2004,8.0
Grain maize,FRF34,2005,7.5
Grain maize,FRF34,2006,0.0
Grain maize,FRF34,2007,8.34
Grain maize,FRF34,2008,8.5
Grain maize,FRF34,2009,9.0
Grain maize,FRF34,2010,8.51
Grain maize,FRF34,2011,8.75
Grain maize,FRF34,2012,7.5
Grain maize,FRF34,2013,6.0
Grain maize,FRF34,2014,8.3
Grain maize,FRF34,2015,5.0
Grain maize,FRF34,2016,5.46
Grain maize,FRF34,2017,9.7
Grain maize,FRF34,2018,5.0
Grain maize,FRF34,2019,5.0
Grain maize,FRF34,2020,4.0
Grain maize,FRG01,1989,4.583
Grain maize,FRG01,1990,5.1
Grain maize,FRG01,1991,6.1
Grain maize,FRG01,1992,7.0
Grain maize,FRG01,1993,6.7
Grain maize,FRG01,1994,7.1
Grain maize,FRG01,1995,5.9
Grain maize,FRG01,1996,6.6
Grain maize,FRG01,1997,8.1
Grain maize,FRG01,1998,7.214
Grain maize,FRG01,1999,7.82
Grain maize,FRG01,2000,6.8
Grain maize,FRG01,2001,7.9
Grain maize,FRG01,2002,8.2
Grain maize,FRG01,2003,6.9
Grain maize,FRG01,2004,7.5
Grain maize,FRG01,2005,6.2
Grain maize,FRG01,2006,8.1
Grain maize,FRG01,2007,9.132
Grain maize,FRG01,2008,7.953
Grain maize,FRG01,2009,7.192
Grain maize,FRG01,2010,6.7
Grain maize,FRG01,2011,8.525
Grain maize,FRG01,2012,7.668
Grain maize,FRG01,2013,7.61
Grain maize,FRG01,2014,9.237
Grain maize,FRG01,2015,6.629
Grain maize,FRG01,2016,6.263
Grain maize,FRG01,2017,8.498
Grain maize,FRG01,2018,8.53
Grain maize,FRG01,2019,6.3
Grain maize,FRG01,2020,7.3
Grain maize,FRG02,1989,4.405
Grain maize,FRG02,1990,3.6
Grain maize,FRG02,1991,5.8
Grain maize,FRG02,1992,7.1
Grain maize,FRG02,1993,6.6
Grain maize,FRG02,1994,7.7
Grain maize,FRG02,1995,5.5
Grain maize,FRG02,1996,6.9
Grain maize,FRG02,1997,7.7
Grain maize,FRG02,1998,7.5
Grain maize,FRG02,1999,7.993
Grain maize,FRG02,2000,8.917
Grain maize,FRG02,2001,7.5
Grain maize,FRG02,2002,7.7
Grain maize,FRG02,2003,7.2
Grain maize,FRG02,2004,6.8
Grain maize,FRG02,2005,6.8
Grain maize,FRG02,2006,8.1
Grain maize,FRG02,2007,9.869
Grain maize,FRG02,2008,8.516
Grain maize,FRG02,2009,7.693
Grain maize,FRG02,2010,7.313
Grain maize,FRG02,2011,9.081
Grain maize,FRG02,2012,8.43
Grain maize,FRG02,2013,7.434
Grain maize,FRG02,2014,9.94
Grain maize,FRG02,2015,7.578
Grain maize,FRG02,2016,6.667
Grain maize,FRG02,2017,9.011
Grain maize,FRG02,2018,8.31
Grain maize,FRG02,2019,6.99
Grain maize,FRG02,2020,7.6
Grain maize,FRG03,1989,4.4
Grain maize,FRG03,1990,3.6
Grain maize,FRG03,1991,4.9
Grain maize,FRG03,1992,6.7
Grain maize,FRG03,1993,6.0
Grain maize,FRG03,1994,7.8
Grain maize,FRG03,1995,5.5
Grain maize,FRG03,1996,5.7
Grain maize,FRG03,1997,7.5
Grain maize,FRG03,1998,7.43
Grain maize,FRG03,1999,7.627
Grain maize,FRG03,2000,8.141
Grain maize,FRG03,2001,8.3
Grain maize,FRG03,2002,8.2
Grain maize,FRG03,2003,7.0
Grain maize,FRG03,2004,8.0
Grain maize,FRG03,2005,7.2
Grain maize,FRG03,2006,8.1
Grain maize,FRG03,2007,8.143
Grain maize,FRG03,2008,7.292
Grain maize,FRG03,2009,6.979
Grain maize,FRG03,2010,6.966
Grain maize,FRG03,2011,9.247
Grain maize,FRG03,2012,8.132
Grain maize,FRG03,2013,7.088
Grain maize,FRG03,2014,9.519
Grain maize,FRG03,2015,7.967
Grain maize,FRG03,2016,6.627
Grain maize,FRG03,2017,8.899
Grain maize,FRG03,2018,8.3
Grain maize,FRG03,2019,7.54
Grain maize,FRG03,2020,7.9
Grain maize,FRG04,1989,5.5
Grain maize,FRG04,1990,4.7
Grain maize,FRG04,1991,5.4
Grain maize,FRG04,1992,6.5
Grain maize,FRG04,1993,6.9
Grain maize,FRG04,1994,8.2
Grain maize,FRG04,1995,6.9
Grain maize,FRG04,1996,7.0
Grain maize,FRG04,1997,8.3
Grain maize,FRG04,1998,7.509
Grain maize,FRG04,1999,8.232
Grain maize,FRG04,2000,8.44
Grain maize,FRG04,2001,8.3
Grain maize,FRG04,2002,8.9
Grain maize,FRG04,2003,8.2
Grain maize,FRG04,2004,8.4
Grain maize,FRG04,2005,8.3
Grain maize,FRG04,2006,7.9
Grain maize,FRG04,2007,9.52
Grain maize,FRG04,2008,8.715
Grain maize,FRG04,2009,7.574
Grain maize,FRG04,2010,8.408
Grain maize,FRG04,2011,9.451
Grain maize,FRG04,2012,8.248
Grain maize,FRG04,2013,7.818
Grain maize,FRG04,2014,10.15
Grain maize,FRG04,2015,8.299
Grain maize,FRG04,2016,6.975
Grain maize,FRG04,2017,10.049
Grain maize,FRG04,2018,9.2
Grain maize,FRG04,2019,8.81
Grain maize,FRG04,2020,7.8
Grain maize,FRG05,1989,6.8
Grain maize,FRG05,1990,6.2
Grain maize,FRG05,1991,7.8
Grain maize,FRG05,1992,8.7
Grain maize,FRG05,1993,7.8
Grain maize,FRG05,1994,8.5
Grain maize,FRG05,1995,8.5
Grain maize,FRG05,1996,8.1
Grain maize,FRG05,1997,9.4
Grain maize,FRG05,1998,9.018
Grain maize,FRG05,1999,9.588
Grain maize,FRG05,2000,9.414
Grain maize,FRG05,2001,9.9
Grain maize,FRG05,2002,9.8
Grain maize,FRG05,2003,8.4
Grain maize,FRG05,2004,9.4
Grain maize,FRG05,2005,7.8
Grain maize,FRG05,2006,8.9
Grain maize,FRG05,2007,10.97
Grain maize,FRG05,2008,9.978
Grain maize,FRG05,2009,8.987
Grain maize,FRG05,2010,9.412
Grain maize,FRG05,2011,10.512
Grain maize,FRG05,2012,9.558
Grain maize,FRG05,2013,8.666
Grain maize,FRG05,2014,10.684
Grain maize,FRG05,2015,9.169
Grain maize,FRG05,2016,8.333
Grain maize,FRG05,2017,9.296
Grain maize,FRG05,2018,9.5
Grain maize,FRG05,2019,8.33
Grain maize,FRG05,2020,8.39
Grain maize,FRH01,1989,5.0
Grain maize,FRH01,1990,5.9
Grain maize,FRH01,1991,6.8
Grain maize,FRH01,1992,8.5
Grain maize,FRH01,1993,6.8
Grain maize,FRH01,1994,7.3
Grain maize,FRH01,1995,8.0
Grain maize,FRH01,1996,7.4
Grain maize,FRH01,1997,9.0
Grain maize,FRH01,1998,7.5
Grain maize,FRH01,1999,8.7
Grain maize,FRH01,2000,7.5
Grain maize,FRH01,2001,8.3
Grain maize,FRH01,2002,8.0
Grain maize,FRH01,2003,7.3
Grain maize,FRH01,2004,8.7
Grain maize,FRH01,2005,8.1
Grain maize,FRH01,2006,8.003
Grain maize,FRH01,2007,7.503
Grain maize,FRH01,2008,7.505
Grain maize,FRH01,2009,9.005
Grain maize,FRH01,2010,7.906
Grain maize,FRH01,2011,9.1
Grain maize,FRH01,2012,8.5
Grain maize,FRH01,2013,7.502
Grain maize,FRH01,2014,9.2
Grain maize,FRH01,2015,8.702
Grain maize,FRH01,2016,7.473
Grain maize,FRH01,2017,9.57
Grain maize,FRH01,2018,9.73
Grain maize,FRH01,2019,8.83
Grain maize,FRH01,2020,9.04
Grain maize,FRH02,1989,4.5
Grain maize,FRH02,1990,5.5
Grain maize,FRH02,1991,6.8
Grain maize,FRH02,1992,6.7
Grain maize,FRH02,1993,5.5
Grain maize,FRH02,1994,6.6
Grain maize,FRH02,1995,7.5
Grain maize,FRH02,1996,6.2
Grain maize,FRH02,1997,8.2
Grain maize,FRH02,1998,7.4
Grain maize,FRH02,1999,8.0
Grain maize,FRH02,2000,7.2
Grain maize,FRH02,2001,8.401
Grain maize,FRH02,2002,6.602
Grain maize,FRH02,2003,7.002
Grain maize,FRH02,2004,8.402
Grain maize,FRH02,2005,9.101
Grain maize,FRH02,2006,7.702
Grain maize,FRH02,2007,7.203
Grain maize,FRH02,2008,7.206
Grain maize,FRH02,2009,8.906
Grain maize,FRH02,2010,8.605
Grain maize,FRH02,2011,9.1
Grain maize,FRH02,2012,7.861
Grain maize,FRH02,2013,8.103
Grain maize,FRH02,2014,9.5
Grain maize,FRH02,2015,8.502
Grain maize,FRH02,2016,7.481
Grain maize,FRH02,2017,9.553
Grain maize,FRH02,2018,9.35
Grain maize,FRH02,2019,9.01
Grain maize,FRH02,2020,9.32
Grain maize,FRH03,1989,5.2
Grain maize,FRH03,1990,5.2
Grain maize,FRH03,1991,6.5
Grain maize,FRH03,1992,8.3
Grain maize,FRH03,1993,6.9
Grain maize,FRH03,1994,7.4
Grain maize,FRH03,1995,7.4
Grain maize,FRH03,1996,6.4
Grain maize,FRH03,1997,9.0
Grain maize,FRH03,1998,7.9
Grain maize,FRH03,1999,7.5
Grain maize,FRH03,2000,8.2
Grain maize,FRH03,2001,8.2
Grain maize,FRH03,2002,7.7
Grain maize,FRH03,2003,6.8
Grain maize,FRH03,2004,8.2
Grain maize,FRH03,2005,7.8
Grain maize,FRH03,2006,7.903
Grain maize,FRH03,2007,9.003
Grain maize,FRH03,2008,9.004
Grain maize,FRH03,2009,9.306
Grain maize,FRH03,2010,7.608
Grain maize,FRH03,2011,9.7
Grain maize,FRH03,2012,8.95
Grain maize,FRH03,2013,8.408
Grain maize,FRH03,2014,9.6
Grain maize,FRH03,2015,8.702
Grain maize,FRH03,2016,7.408
Grain maize,FRH03,2017,9.647
Grain maize,FRH03,2018,8.7
Grain maize,FRH03,2019,8.64
Grain maize,FRH03,2020,8.77
Grain maize,FRH04,1989,4.5
Grain maize,FRH04,1990,5.5
Grain maize,FRH04,1991,6.8
Grain maize,FRH04,1992,7.8
Grain maize,FRH04,1993,6.3
Grain maize,FRH04,1994,6.5
Grain maize,FRH04,1995,6.2
Grain maize,FRH04,1996,5.2
Grain maize,FRH04,1997,7.5
Grain maize,FRH04,1998,8.0
Grain maize,FRH04,1999,8.0
Grain maize,FRH04,2000,7.8
Grain maize,FRH04,2001,8.013
Grain maize,FRH04,2002,7.514
Grain maize,FRH04,2003,6.015
Grain maize,FRH04,2004,8.013
Grain maize,FRH04,2005,7.717
Grain maize,FRH04,2006,7.71
Grain maize,FRH04,2007,8.611
Grain maize,FRH04,2008,8.51
Grain maize,FRH04,2009,9.109
Grain maize,FRH04,2010,7.511
Grain maize,FRH04,2011,9.3
Grain maize,FRH04,2012,8.913
Grain maize,FRH04,2013,7.523
Grain maize,FRH04,2014,9.7
Grain maize,FRH04,2015,8.81
Grain maize,FRH04,2016,7.422
Grain maize,FRH04,2017,8.656
Grain maize,FRH04,2018,9.28
Grain maize,FRH04,2019,8.85
Grain maize,FRH04,2020,9.05
Grain maize,FRI11,1989,5.4
Grain maize,FRI11,1990,4.5
Grain maize,FRI11,1991,6.0
Grain maize,FRI11,1992,7.1
Grain maize,FRI11,1993,7.2
Grain maize,FRI11,1994,6.7
Grain maize,FRI11,1995,6.3
Grain maize,FRI11,1996,7.5
Grain maize,FRI11,1997,7.5
Grain maize,FRI11,1998,6.893
Grain maize,FRI11,1999,7.25
Grain maize,FRI11,2000,7.41
Grain maize,FRI11,2001,7.34
Grain maize,FRI11,2002,7.775
Grain maize,FRI11,2003,6.306
Grain maize,FRI11,2004,8.199
Grain maize,FRI11,2005,6.189
Grain maize,FRI11,2006,7.5
Grain maize,FRI11,2007,7.591
Grain maize,FRI11,2008,7.019
Grain maize,FRI11,2009,8.002
Grain maize,FRI11,2010,6.629
Grain maize,FRI11,2011,6.65
Grain maize,FRI11,2012,6.884
Grain maize,FRI11,2013,6.969
Grain maize,FRI11,2014,8.984
Grain maize,FRI11,2015,6.275
Grain maize,FRI11,2016,6.693
Grain maize,FRI11,2017,10.158
Grain maize,FRI11,2018,8.14
Grain maize,FRI11,2019,8.039
Grain maize,FRI11,2020,7.98
Grain maize,FRI12,1989,7.5
Grain maize,FRI12,1990,7.4
Grain maize,FRI12,1991,8.1
Grain maize,FRI12,1992,8.3
Grain maize,FRI12,1993,8.5
Grain maize,FRI12,1994,8.2
Grain maize,FRI12,1995,8.7
Grain maize,FRI12,1996,9.079
Grain maize,FRI12,1997,9.292
Grain maize,FRI12,1998,8.711
Grain maize,FRI12,1999,9.554
Grain maize,FRI12,2000,9.158
Grain maize,FRI12,2001,8.362
Grain maize,FRI12,2002,9.943
Grain maize,FRI12,2003,7.95
Grain maize,FRI12,2004,9.127
Grain maize,FRI12,2005,7.863
Grain maize,FRI12,2006,8.648
Grain maize,FRI12,2007,9.008
Grain maize,FRI12,2008,9.051
Grain maize,FRI12,2009,9.591
Grain maize,FRI12,2010,9.892
Grain maize,FRI12,2011,9.391
Grain maize,FRI12,2012,9.333
Grain maize,FRI12,2013,8.306
Grain maize,FRI12,2014,10.519
Grain maize,FRI12,2015,9.728
Grain maize,FRI12,2016,9.96
Grain maize,FRI12,2017,11.539
Grain maize,FRI12,2018,10.98
Grain maize,FRI12,2019,10.81
Grain maize,FRI12,2020,9.31
Grain maize,FRI13,1989,8.5
Grain maize,FRI13,1990,7.3
Grain maize,FRI13,1991,9.1
Grain maize,FRI13,1992,9.0
Grain maize,FRI13,1993,9.1
Grain maize,FRI13,1994,8.6
Grain maize,FRI13,1995,9.4
Grain maize,FRI13,1996,10.3
Grain maize,FRI13,1997,9.8
Grain maize,FRI13,1998,9.887
Grain maize,FRI13,1999,9.276
Grain maize,FRI13,2000,9.917
Grain maize,FRI13,2001,9.122
Grain maize,FRI13,2002,10.601
Grain maize,FRI13,2003,8.1
Grain maize,FRI13,2004,9.949
Grain maize,FRI13,2005,9.623
Grain maize,FRI13,2006,9.285
Grain maize,FRI13,2007,10.467
Grain maize,FRI13,2008,10.463
Grain maize,FRI13,2009,9.482
Grain maize,FRI13,2010,9.424
Grain maize,FRI13,2011,11.473
Grain maize,FRI13,2012,9.24
Grain maize,FRI13,2013,7.796
Grain maize,FRI13,2014,10.805
Grain maize,FRI13,2015,9.918
Grain maize,FRI13,2016,9.397
Grain maize,FRI13,2017,11.911
Grain maize,FRI13,2018,10.32
Grain maize,FRI13,2019,11.85
Grain maize,FRI13,2020,9.22
Grain maize,FRI14,1989,5.897
Grain maize,FRI14,1990,4.9
Grain maize,FRI14,1991,7.4
Grain maize,FRI14,1992,7.7
Grain maize,FRI14,1993,8.4
Grain maize,FRI14,1994,7.5
Grain maize,FRI14,1995,7.3
Grain maize,FRI14,1996,9.5
Grain maize,FRI14,1997,9.4
Grain maize,FRI14,1998,7.967
Grain maize,FRI14,1999,8.889
Grain maize,FRI14,2000,8.285
Grain maize,FRI14,2001,8.375
Grain maize,FRI14,2002,9.529
Grain maize,FRI14,2003,7.246
Grain maize,FRI14,2004,9.205
Grain maize,FRI14,2005,7.409
Grain maize,FRI14,2006,8.931
Grain maize,FRI14,2007,9.287
Grain maize,FRI14,2008,8.666
Grain maize,FRI14,2009,8.628
Grain maize,FRI14,2010,8.54
Grain maize,FRI14,2011,9.671
Grain maize,FRI14,2012,8.679
Grain maize,FRI14,2013,8.611
Grain maize,FRI14,2014,10.0
Grain maize,FRI14,2015,9.131
Grain maize,FRI14,2016,9.848
Grain maize,FRI14,2017,11.131
Grain maize,FRI14,2018,10.17
Grain maize,FRI14,2019,10.54
Grain maize,FRI14,2020,9.47
Grain maize,FRI15,1989,7.789
Grain maize,FRI15,1990,6.0
Grain maize,FRI15,1991,8.2
Grain maize,FRI15,1992,7.9
Grain maize,FRI15,1993,8.1
Grain maize,FRI15,1994,6.6
Grain maize,FRI15,1995,7.1
Grain maize,FRI15,1996,9.3
Grain maize,FRI15,1997,9.3
Grain maize,FRI15,1998,8.704
Grain maize,FRI15,1999,8.621
Grain maize,FRI15,2000,8.657
Grain maize,FRI15,2001,7.872
Grain maize,FRI15,2002,9.005
Grain maize,FRI15,2003,5.984
Grain maize,FRI15,2004,8.24
Grain maize,FRI15,2005,7.136
Grain maize,FRI15,2006,8.5
Grain maize,FRI15,2007,8.914
Grain maize,FRI15,2008,9.126
Grain maize,FRI15,2009,8.615
Grain maize,FRI15,2010,8.382
Grain maize,FRI15,2011,10.253
Grain maize,FRI15,2012,8.173
Grain maize,FRI15,2013,7.16
Grain maize,FRI15,2014,10.181
Grain maize,FRI15,2015,9.249
Grain maize,FRI15,2016,9.216
Grain maize,FRI15,2017,11.442
Grain maize,FRI15,2018,9.65
Grain maize,FRI15,2019,10.81
Grain maize,FRI15,2020,8.21
Grain maize,FRI21,1989,4.6
Grain maize,FRI21,1990,3.4
Grain maize,FRI21,1991,5.5
Grain maize,FRI21,1992,6.5
Grain maize,FRI21,1993,6.8
Grain maize,FRI21,1994,7.5
Grain maize,FRI21,1995,5.5
Grain maize,FRI21,1996,7.5
Grain maize,FRI21,1997,8.3
Grain maize,FRI21,1998,7.535
Grain maize,FRI21,1999,8.258
Grain maize,FRI21,2000,7.909
Grain maize,FRI21,2001,9.9
Grain maize,FRI21,2002,9.0
Grain maize,FRI21,2003,5.1
Grain maize,FRI21,2004,9.9
Grain maize,FRI21,2005,6.3
Grain maize,FRI21,2006,8.0
Grain maize,FRI21,2007,9.564
Grain maize,FRI21,2008,7.203
Grain maize,FRI21,2009,8.905
Grain maize,FRI21,2010,8.255
Grain maize,FRI21,2011,8.829
Grain maize,FRI21,2012,6.544
Grain maize,FRI21,2013,6.769
Grain maize,FRI21,2014,10.0
Grain maize,FRI21,2015,6.492
Grain maize,FRI21,2016,4.324
Grain maize,FRI21,2017,8.752
Grain maize,FRI21,2018,5.67
Grain maize,FRI21,2019,4.62
Grain maize,FRI21,2020,4.64
Grain maize,FRI22,1989,4.0
Grain maize,FRI22,1990,2.8
Grain maize,FRI22,1991,5.5
Grain maize,FRI22,1992,6.0
Grain maize,FRI22,1993,6.5
Grain maize,FRI22,1994,7.0
Grain maize,FRI22,1995,5.5
Grain maize,FRI22,1996,6.0
Grain maize,FRI22,1997,7.6
Grain maize,FRI22,1998,6.826
Grain maize,FRI22,1999,8.167
Grain maize,FRI22,2000,8.2
Grain maize,FRI22,2001,8.4
Grain maize,FRI22,2002,7.5
Grain maize,FRI22,2003,5.0
Grain maize,FRI22,2004,9.0
Grain maize,FRI22,2005,7.5
Grain maize,FRI22,2006,9.2
Grain maize,FRI22,2007,9.072
Grain maize,FRI22,2008,6.529
Grain maize,FRI22,2009,7.988
Grain maize,FRI22,2010,7.588
Grain maize,FRI22,2011,8.578
Grain maize,FRI22,2012,6.07
Grain maize,FRI22,2013,6.256
Grain maize,FRI22,2014,10.0
Grain maize,FRI22,2015,5.618
Grain maize,FRI22,2016,3.553
Grain maize,FRI22,2017,8.463
Grain maize,FRI22,2018,5.31
Grain maize,FRI22,2019,4.64
Grain maize,FRI22,2020,4.68
Grain maize,FRI23,1989,4.0
Grain maize,FRI23,1990,3.0
Grain maize,FRI23,1991,6.0
Grain maize,FRI23,1992,6.6
Grain maize,FRI23,1993,6.5
Grain maize,FRI23,1994,6.8
Grain maize,FRI23,1995,5.6
Grain maize,FRI23,1996,6.9
Grain maize,FRI23,1997,7.9
Grain maize,FRI23,1998,6.888
Grain maize,FRI23,1999,7.721
Grain maize,FRI23,2000,7.822
Grain maize,FRI23,2001,8.4
Grain maize,FRI23,2002,7.8
Grain maize,FRI23,2003,4.3
Grain maize,FRI23,2004,9.1
Grain maize,FRI23,2005,4.3
Grain maize,FRI23,2006,6.5
Grain maize,FRI23,2007,9.073
Grain maize,FRI23,2008,6.532
Grain maize,FRI23,2009,6.378
Grain maize,FRI23,2010,5.848
Grain maize,FRI23,2011,9.023
Grain maize,FRI23,2012,5.833
Grain maize,FRI23,2013,6.355
Grain maize,FRI23,2014,10.0
Grain maize,FRI23,2015,6.154
Grain maize,FRI23,2016,4.231
Grain maize,FRI23,2017,8.502
Grain maize,FRI23,2018,5.97
Grain maize,FRI23,2019,6.2
Grain maize,FRI23,2020,4.2
Grain maize,FRI31,1989,7.3
Grain maize,FRI31,1990,7.3
Grain maize,FRI31,1991,7.0
Grain maize,FRI31,1992,8.8
Grain maize,FRI31,1993,8.4
Grain maize,FRI31,1994,8.5
Grain maize,FRI31,1995,7.6
Grain maize,FRI31,1996,8.9
Grain maize,FRI31,1997,8.7
Grain maize,FRI31,1998,8.221
Grain maize,FRI31,1999,9.643
Grain maize,FRI31,2000,8.668
Grain maize,FRI31,2001,9.0
Grain maize,FRI31,2002,9.3
Grain maize,FRI31,2003,8.003
Grain maize,FRI31,2004,9.521
Grain maize,FRI31,2005,6.282
Grain maize,FRI31,2006,8.504
Grain maize,FRI31,2007,10.191
Grain maize,FRI31,2008,8.189
Grain maize,FRI31,2009,8.747
Grain maize,FRI31,2010,8.188
Grain maize,FRI31,2011,7.564
Grain maize,FRI31,2012,7.44
Grain maize,FRI31,2013,7.97
Grain maize,FRI31,2014,10.227
Grain maize,FRI31,2015,8.089
Grain maize,FRI31,2016,7.152
Grain maize,FRI31,2017,9.588
Grain maize,FRI31,2018,7.71
Grain maize,FRI31,2019,6.85
Grain maize,FRI31,2020,7.44
Grain maize,FRI32,1989,8.3
Grain maize,FRI32,1990,7.599
Grain maize,FRI32,1991,9.2
Grain maize,FRI32,1992,10.3
Grain maize,FRI32,1993,9.3
Grain maize,FRI32,1994,9.6
Grain maize,FRI32,1995,8.6
Grain maize,FRI32,1996,10.0
Grain maize,FRI32,1997,10.1
Grain maize,FRI32,1998,9.189
Grain maize,FRI32,1999,10.585
Grain maize,FRI32,2000,10.1
Grain maize,FRI32,2001,9.1
Grain maize,FRI32,2002,9.1
Grain maize,FRI32,2003,8.191
Grain maize,FRI32,2004,9.688
Grain maize,FRI32,2005,6.891
Grain maize,FRI32,2006,9.192
Grain maize,FRI32,2007,10.486
Grain maize,FRI32,2008,9.483
Grain maize,FRI32,2009,9.253
Grain maize,FRI32,2010,8.915
Grain maize,FRI32,2011,9.242
Grain maize,FRI32,2012,8.72
Grain maize,FRI32,2013,8.822
Grain maize,FRI32,2014,10.569
Grain maize,FRI32,2015,9.279
Grain maize,FRI32,2016,8.432
Grain maize,FRI32,2017,9.9
Grain maize,FRI32,2018,8.79
Grain maize,FRI32,2019,8.09
Grain maize,FRI32,2020,8.05
Grain maize,FRI33,1989,7.098
Grain maize,FRI33,1990,6.8
Grain maize,FRI33,1991,8.3
Grain maize,FRI33,1992,9.1
Grain maize,FRI33,1993,8.5
Grain maize,FRI33,1994,9.0
Grain maize,FRI33,1995,8.5
Grain maize,FRI33,1996,8.9
Grain maize,FRI33,1997,9.6
Grain maize,FRI33,1998,9.3
Grain maize,FRI33,1999,9.811
Grain maize,FRI33,2000,9.23
Grain maize,FRI33,2001,9.4
Grain maize,FRI33,2002,9.8
Grain maize,FRI33,2003,8.44
Grain maize,FRI33,2004,9.873
Grain maize,FRI33,2005,6.707
Grain maize,FRI33,2006,8.644
Grain maize,FRI33,2007,10.361
Grain maize,FRI33,2008,8.827
Grain maize,FRI33,2009,7.684
Grain maize,FRI33,2010,8.385
Grain maize,FRI33,2011,9.98
Grain maize,FRI33,2012,7.9
Grain maize,FRI33,2013,7.888
Grain maize,FRI33,2014,10.535
Grain maize,FRI33,2015,8.15
Grain maize,FRI33,2016,6.131
Grain maize,FRI33,2017,9.053
Grain maize,FRI33,2018,7.65
Grain maize,FRI33,2019,6.52
Grain maize,FRI33,2020,6.42
Grain maize,FRI34,1989,7.1
Grain maize,FRI34,1990,5.6
Grain maize,FRI34,1991,6.6
Grain maize,FRI34,1992,8.9
Grain maize,FRI34,1993,8.4
Grain maize,FRI34,1994,8.8
Grain maize,FRI34,1995,8.0
Grain maize,FRI34,1996,8.4
Grain maize,FRI34,1997,9.3
Grain maize,FRI34,1998,8.918
Grain maize,FRI34,1999,9.302
Grain maize,FRI34,2000,9.861
Grain maize,FRI34,2001,9.1
Grain maize,FRI34,2002,9.0
Grain maize,FRI34,2003,7.341
Grain maize,FRI34,2004,8.574
Grain maize,FRI34,2005,6.717
Grain maize,FRI34,2006,9.147
Grain maize,FRI34,2007,9.488
Grain maize,FRI34,2008,8.811
Grain maize,FRI34,2009,8.25
Grain maize,FRI34,2010,8.811
Grain maize,FRI34,2011,9.469
Grain maize,FRI34,2012,8.866
Grain maize,FRI34,2013,7.975
Grain maize,FRI34,2014,9.952
Grain maize,FRI34,2015,8.179
Grain maize,FRI34,2016,6.054
Grain maize,FRI34,2017,8.521
Grain maize,FRI34,2018,7.68
Grain maize,FRI34,2019,6.71
Grain maize,FRI34,2020,7.05
Grain maize,FRJ11,1989,9.248
Grain maize,FRJ11,1990,14.4
Grain maize,FRJ11,1991,14.331
Grain maize,FRJ11,1992,13.929
Grain maize,FRJ11,1993,12.5
Grain maize,FRJ11,1994,7.792
Grain maize,FRJ11,1995,7.125
Grain maize,FRJ11,1996,9.0
Grain maize,FRJ11,1997,14.167
Grain maize,FRJ11,1998,13.358
Grain maize,FRJ11,1999,12.5
Grain maize,FRJ11,2000,7.272
Grain maize,FRJ11,2001,7.3
Grain maize,FRJ11,2002,8.4
Grain maize,FRJ11,2003,5.604
Grain maize,FRJ11,2004,8.577
Grain maize,FRJ11,2005,8.1
Grain maize,FRJ11,2006,8.0
Grain maize,FRJ11,2007,8.0
Grain maize,FRJ11,2008,8.368
Grain maize,FRJ11,2009,7.867
Grain maize,FRJ11,2010,8.457
Grain maize,FRJ11,2011,10.0
Grain maize,FRJ11,2012,8.0
Grain maize,FRJ11,2013,8.0
Grain maize,FRJ11,2014,10.5
Grain maize,FRJ11,2015,8.0
Grain maize,FRJ11,2016,8.0
Grain maize,FRJ11,2017,8.0
Grain maize,FRJ11,2018,8.0
Grain maize,FRJ11,2019,7.5
Grain maize,FRJ11,2020,7.2
Grain maize,FRJ12,1989,6.0
Grain maize,FRJ12,1990,7.0
Grain maize,FRJ12,1991,7.1
Grain maize,FRJ12,1992,7.5
Grain maize,FRJ12,1993,8.0
Grain maize,FRJ12,1994,7.1
Grain maize,FRJ12,1995,7.8
Grain maize,FRJ12,1996,8.0
Grain maize,FRJ12,1997,8.2
Grain maize,FRJ12,1998,8.157
Grain maize,FRJ12,1999,8.0
Grain maize,FRJ12,2000,7.593
Grain maize,FRJ12,2001,7.0
Grain maize,FRJ12,2002,8.9
Grain maize,FRJ12,2003,8.0
Grain maize,FRJ12,2004,8.99
Grain maize,FRJ12,2005,8.925
Grain maize,FRJ12,2006,7.7
Grain maize,FRJ12,2007,9.5
Grain maize,FRJ12,2008,8.339
Grain maize,FRJ12,2009,8.1
Grain maize,FRJ12,2010,7.6
Grain maize,FRJ12,2011,9.5
Grain maize,FRJ12,2012,9.0
Grain maize,FRJ12,2013,8.0
Grain maize,FRJ12,2014,10.0
Grain maize,FRJ12,2015,8.0
Grain maize,FRJ12,2016,8.0
Grain maize,FRJ12,2017,7.5
Grain maize,FRJ12,2018,7.5
Grain maize,FRJ12,2019,7.0
Grain maize,FRJ12,2020,8.0
Grain maize,FRJ13,1989,5.0
Grain maize,FRJ13,1990,5.0
Grain maize,FRJ13,1991,5.0
Grain maize,FRJ13,1992,6.0
Grain maize,FRJ13,1993,6.5
Grain maize,FRJ13,1994,6.5
Grain maize,FRJ13,1995,6.5
Grain maize,FRJ13,1996,7.8
Grain maize,FRJ13,1997,8.3
Grain maize,FRJ13,1998,7.0
Grain maize,FRJ13,1999,7.0
Grain maize,FRJ13,2000,7.923
Grain maize,FRJ13,2001,9.0
Grain maize,FRJ13,2002,10.0
Grain maize,FRJ13,2003,9.4
Grain maize,FRJ13,2004,9.5
Grain maize,FRJ13,2005,8.54
Grain maize,FRJ13,2006,8.2
Grain maize,FRJ13,2007,9.3
Grain maize,FRJ13,2008,7.167
Grain maize,FRJ13,2009,7.654
Grain maize,FRJ13,2010,8.0
Grain maize,FRJ13,2011,9.5
Grain maize,FRJ13,2012,9.0
Grain maize,FRJ13,2013,7.0
Grain maize,FRJ13,2014,8.0
Grain maize,FRJ13,2015,7.0
Grain maize,FRJ13,2016,7.5
Grain maize,FRJ13,2017,7.5
Grain maize,FRJ13,2018,7.0
Grain maize,FRJ13,2019,7.0
Grain maize,FRJ13,2020,7.2
Grain maize,FRJ14,1989,0.0
Grain maize,FRJ14,1995,0.0
Grain maize,FRJ14,1996,0.0
Grain maize,FRJ14,1997,0.0
Grain maize,FRJ14,1998,0.0
Grain maize,FRJ14,2000,0.0
Grain maize,FRJ14,2001,0.0
Grain maize,FRJ14,2002,0.0
Grain maize,FRJ14,2003,0.0
Grain maize,FRJ14,2004,0.0
Grain maize,FRJ14,2005,0.0
Grain maize,FRJ14,2006,0.0
Grain maize,FRJ14,2007,0.0
Grain maize,FRJ14,2008,0.0
Grain maize,FRJ14,2009,0.0
Grain maize,FRJ14,2010,0.0
Grain maize,FRJ14,2011,0.0
Grain maize,FRJ14,2012,0.0
Grain maize,FRJ14,2013,0.0
Grain maize,FRJ14,2014,0.0
Grain maize,FRJ14,2015,0.0
Grain maize,FRJ14,2016,0.0
Grain maize,FRJ14,2017,0.0
Grain maize,FRJ14,2018,0.0
Grain maize,FRJ14,2019,0.0
Grain maize,FRJ14,2020,0.0
Grain maize,FRJ15,1989,6.5
Grain maize,FRJ15,1990,8.5
Grain maize,FRJ15,1991,5.6
Grain maize,FRJ15,1992,8.0
Grain maize,FRJ15,1993,6.0
Grain maize,FRJ15,1994,6.0
Grain maize,FRJ15,1995,8.0
Grain maize,FRJ15,1996,6.5
Grain maize,FRJ15,1997,6.5
Grain maize,FRJ15,1998,7.0
Grain maize,FRJ15,1999,7.0
Grain maize,FRJ15,2000,6.0
Grain maize,FRJ15,2001,8.5
Grain maize,FRJ15,2002,8.0
Grain maize,FRJ15,2003,6.0
Grain maize,FRJ15,2004,9.0
Grain maize,FRJ15,2005,8.5
Grain maize,FRJ15,2006,8.5
Grain maize,FRJ15,2007,8.0
Grain maize,FRJ15,2008,8.5
Grain maize,FRJ15,2009,8.5
Grain maize,FRJ15,2010,8.6
Grain maize,FRJ15,2011,10.0
Grain maize,FRJ15,2012,8.0
Grain maize,FRJ15,2013,8.0
Grain maize,FRJ15,2014,10.0
Grain maize,FRJ15,2015,7.0
Grain maize,FRJ15,2016,7.5
Grain maize,FRJ15,2017,7.0
Grain maize,FRJ15,2018,7.5
Grain maize,FRJ15,2019,6.5
Grain maize,FRJ15,2020,7.2
Grain maize,FRJ21,1989,5.983
Grain maize,FRJ21,1990,6.527
Grain maize,FRJ21,1991,6.958
Grain maize,FRJ21,1992,6.649
Grain maize,FRJ21,1993,7.29
Grain maize,FRJ21,1994,6.75
Grain maize,FRJ21,1995,7.108
Grain maize,FRJ21,1996,7.473
Grain maize,FRJ21,1997,8.08
Grain maize,FRJ21,1998,7.929
Grain maize,FRJ21,1999,7.609
Grain maize,FRJ21,2000,7.748
Grain maize,FRJ21,2001,7.536
Grain maize,FRJ21,2002,7.897
Grain maize,FRJ21,2003,6.661
Grain maize,FRJ21,2004,7.358
Grain maize,FRJ21,2005,8.116
Grain maize,FRJ21,2006,7.827
Grain maize,FRJ21,2007,8.073
Grain maize,FRJ21,2008,8.524
Grain maize,FRJ21,2009,7.743
Grain maize,FRJ21,2010,8.124
Grain maize,FRJ21,2011,9.642
Grain maize,FRJ21,2012,9.516
Grain maize,FRJ21,2013,8.4
Grain maize,FRJ21,2014,8.947
Grain maize,FRJ21,2015,8.5
Grain maize,FRJ21,2016,9.0
Grain maize,FRJ21,2017,10.414
Grain maize,FRJ21,2018,9.0
Grain maize,FRJ21,2019,8.35
Grain maize,FRJ21,2020,7.99
Grain maize,FRJ22,1989,4.5
Grain maize,FRJ22,1990,4.7
Grain maize,FRJ22,1991,5.2
Grain maize,FRJ22,1992,5.0
Grain maize,FRJ22,1993,6.7
Grain maize,FRJ22,1994,5.2
Grain maize,FRJ22,1995,6.1
Grain maize,FRJ22,1996,7.3
Grain maize,FRJ22,1997,7.2
Grain maize,FRJ22,1998,7.567
Grain maize,FRJ22,1999,7.5
Grain maize,FRJ22,2000,8.053
Grain maize,FRJ22,2001,7.824
Grain maize,FRJ22,2002,8.404
Grain maize,FRJ22,2003,4.057
Grain maize,FRJ22,2004,7.943
Grain maize,FRJ22,2005,7.772
Grain maize,FRJ22,2006,7.467
Grain maize,FRJ22,2007,9.053
Grain maize,FRJ22,2008,9.102
Grain maize,FRJ22,2009,7.026
Grain maize,FRJ22,2010,8.219
Grain maize,FRJ22,2011,9.514
Grain maize,FRJ22,2012,8.829
Grain maize,FRJ22,2013,7.247
Grain maize,FRJ22,2014,8.535
Grain maize,FRJ22,2015,7.6
Grain maize,FRJ22,2016,8.5
Grain maize,FRJ22,2017,10.274
Grain maize,FRJ22,2018,8.52
Grain maize,FRJ22,2019,8.6
Grain maize,FRJ22,2020,8.01
Grain maize,FRJ23,1989,5.9
Grain maize,FRJ23,1990,6.5
Grain maize,FRJ23,1991,7.0
Grain maize,FRJ23,1992,7.3
Grain maize,FRJ23,1993,7.8
Grain maize,FRJ23,1994,7.0
Grain maize,FRJ23,1995,7.5
Grain maize,FRJ23,1996,8.1
Grain maize,FRJ23,1997,8.9
Grain maize,FRJ23,1998,8.768
Grain maize,FRJ23,1999,8.62
Grain maize,FRJ23,2000,8.606
Grain maize,FRJ23,2001,8.684
Grain maize,FRJ23,2002,8.005
Grain maize,FRJ23,2003,6.786
Grain maize,FRJ23,2004,8.147
Grain maize,FRJ23,2005,8.563
Grain maize,FRJ23,2006,9.697
Grain maize,FRJ23,2007,9.648
Grain maize,FRJ23,2008,10.028
Grain maize,FRJ23,2009,9.121
Grain maize,FRJ23,2010,9.847
Grain maize,FRJ23,2011,10.508
Grain maize,FRJ23,2012,10.332
Grain maize,FRJ23,2013,9.772
Grain maize,FRJ23,2014,10.894
Grain maize,FRJ23,2015,9.6
Grain maize,FRJ23,2016,10.2
Grain maize,FRJ23,2017,10.679
Grain maize,FRJ23,2018,9.51
Grain maize,FRJ23,2019,9.82
Grain maize,FRJ23,2020,9.82
Grain maize,FRJ24,1989,6.3
Grain maize,FRJ24,1990,5.4
Grain maize,FRJ24,1991,7.0
Grain maize,FRJ24,1992,8.0
Grain maize,FRJ24,1993,8.0
Grain maize,FRJ24,1994,7.4
Grain maize,FRJ24,1995,7.7
Grain maize,FRJ24,1996,9.4
Grain maize,FRJ24,1997,9.7
Grain maize,FRJ24,1998,8.929
Grain maize,FRJ24,1999,8.604
Grain maize,FRJ24,2000,8.52
Grain maize,FRJ24,2001,8.784
Grain maize,FRJ24,2002,9.527
Grain maize,FRJ24,2003,6.484
Grain maize,FRJ24,2004,8.534
Grain maize,FRJ24,2005,8.701
Grain maize,FRJ24,2006,9.052
Grain maize,FRJ24,2007,8.945
Grain maize,FRJ24,2008,10.019
Grain maize,FRJ24,2009,8.186
Grain maize,FRJ24,2010,8.93
Grain maize,FRJ24,2011,10.615
Grain maize,FRJ24,2012,9.881
Grain maize,FRJ24,2013,7.5
Grain maize,FRJ24,2014,10.94
Grain maize,FRJ24,2015,9.1
Grain maize,FRJ24,2016,8.6
Grain maize,FRJ24,2017,10.421
Grain maize,FRJ24,2018,8.51
Grain maize,FRJ24,2019,9.43
Grain maize,FRJ24,2020,8.7
Grain maize,FRJ25,1989,4.5
Grain maize,FRJ25,1990,4.2
Grain maize,FRJ25,1991,5.9
Grain maize,FRJ25,1992,6.2
Grain maize,FRJ25,1993,7.0
Grain maize,FRJ25,1994,6.2
Grain maize,FRJ25,1995,6.8
Grain maize,FRJ25,1996,7.2
Grain maize,FRJ25,1997,7.7
Grain maize,FRJ25,1998,6.93
Grain maize,FRJ25,1999,6.688
Grain maize,FRJ25,2000,7.814
Grain maize,FRJ25,2001,6.489
Grain maize,FRJ25,2002,7.132
Grain maize,FRJ25,2003,6.5
Grain maize,FRJ25,2004,6.993
Grain maize,FRJ25,2005,7.739
Grain maize,FRJ25,2006,7.596
Grain maize,FRJ25,2007,7.654
Grain maize,FRJ25,2008,7.797
Grain maize,FRJ25,2009,6.301
Grain maize,FRJ25,2010,7.081
Grain maize,FRJ25,2011,8.507
Grain maize,FRJ25,2012,7.883
Grain maize,FRJ25,2013,6.684
Grain maize,FRJ25,2014,9.044
Grain maize,FRJ25,2015,8.2
Grain maize,FRJ25,2016,8.1
Grain maize,FRJ25,2017,8.904
Grain maize,FRJ25,2018,8.78
Grain maize,FRJ25,2019,8.26
Grain maize,FRJ25,2020,8.23
Grain maize,FRJ26,1989,7.6
Grain maize,FRJ26,1990,6.9
Grain maize,FRJ26,1991,7.7
Grain maize,FRJ26,1992,8.5
Grain maize,FRJ26,1993,7.6
Grain maize,FRJ26,1994,7.0
Grain maize,FRJ26,1995,7.2
Grain maize,FRJ26,1996,9.3
Grain maize,FRJ26,1997,10.0
Grain maize,FRJ26,1998,9.345
Grain maize,FRJ26,1999,8.593
Grain maize,FRJ26,2000,9.033
Grain maize,FRJ26,2001,8.821
Grain maize,FRJ26,2002,8.578
Grain maize,FRJ26,2003,5.516
Grain maize,FRJ26,2004,8.61
Grain maize,FRJ26,2005,8.954
Grain maize,FRJ26,2006,9.673
Grain maize,FRJ26,2007,8.991
Grain maize,FRJ26,2008,9.81
Grain maize,FRJ26,2009,8.395
Grain maize,FRJ26,2010,9.947
Grain maize,FRJ26,2011,10.572
Grain maize,FRJ26,2012,10.869
Grain maize,FRJ26,2013,8.408
Grain maize,FRJ26,2014,10.636
Grain maize,FRJ26,2015,9.8
Grain maize,FRJ26,2016,9.418
Grain maize,FRJ26,2017,11.132
Grain maize,FRJ26,2018,9.75
Grain maize,FRJ26,2019,10.84
Grain maize,FRJ26,2020,9.94
Grain maize,FRJ27,1989,5.0
Grain maize,FRJ27,1990,5.0
Grain maize,FRJ27,1991,6.2
Grain maize,FRJ27,1992,5.8
Grain maize,FRJ27,1993,7.7
Grain maize,FRJ27,1994,6.3
Grain maize,FRJ27,1995,7.7
Grain maize,FRJ27,1996,8.3
Grain maize,FRJ27,1997,8.7
Grain maize,FRJ27,1998,8.324
Grain maize,FRJ27,1999,7.67
Grain maize,FRJ27,2000,8.827
Grain maize,FRJ27,2001,7.533
Grain maize,FRJ27,2002,9.191
Grain maize,FRJ27,2003,5.524
Grain maize,FRJ27,2004,7.95
Grain maize,FRJ27,2005,8.13
Grain maize,FRJ27,2006,8.906
Grain maize,FRJ27,2007,9.612
Grain maize,FRJ27,2008,9.79
Grain maize,FRJ27,2009,8.286
Grain maize,FRJ27,2010,8.734
Grain maize,FRJ27,2011,10.717
Grain maize,FRJ27,2012,10.691
Grain maize,FRJ27,2013,9.188
Grain maize,FRJ27,2014,9.563
Grain maize,FRJ27,2015,9.2
Grain maize,FRJ27,2016,9.9
Grain maize,FRJ27,2017,9.463
Grain maize,FRJ27,2018,10.04
Grain maize,FRJ27,2019,9.57
Grain maize,FRJ27,2020,9.36
Grain maize,FRJ28,1989,6.23
Grain maize,FRJ28,1990,5.546
Grain maize,FRJ28,1991,6.807
Grain maize,FRJ28,1992,8.5
Grain maize,FRJ28,1993,8.898
Grain maize,FRJ28,1994,7.96
Grain maize,FRJ28,1995,8.5
Grain maize,FRJ28,1996,9.339
Grain maize,FRJ28,1997,9.867
Grain maize,FRJ28,1998,9.0
Grain maize,FRJ28,1999,9.064
Grain maize,FRJ28,2000,9.335
Grain maize,FRJ28,2001,8.647
Grain maize,FRJ28,2002,9.627
Grain maize,FRJ28,2003,6.321
Grain maize,FRJ28,2004,8.94
Grain maize,FRJ28,2005,9.008
Grain maize,FRJ28,2006,10.015
Grain maize,FRJ28,2007,9.656
Grain maize,FRJ28,2008,10.139
Grain maize,FRJ28,2009,9.394
Grain maize,FRJ28,2010,9.745
Grain maize,FRJ28,2011,10.795
Grain maize,FRJ28,2012,10.646
Grain maize,FRJ28,2013,10.02
Grain maize,FRJ28,2014,10.622
Grain maize,FRJ28,2015,9.2
Grain maize,FRJ28,2016,10.3
Grain maize,FRJ28,2017,10.661
Grain maize,FRJ28,2018,9.92
Grain maize,FRJ28,2019,9.77
Grain maize,FRJ28,2020,9.54
Grain maize,FRK11,1989,8.3
Grain maize,FRK11,1990,7.0
Grain maize,FRK11,1991,7.5
Grain maize,FRK11,1992,9.0
Grain maize,FRK11,1993,9.0
Grain maize,FRK11,1994,8.7
Grain maize,FRK11,1995,8.3
Grain maize,FRK11,1996,7.8
Grain maize,FRK11,1997,9.3
Grain maize,FRK11,1998,7.68
Grain maize,FRK11,1999,9.705
Grain maize,FRK11,2000,10.073
Grain maize,FRK11,2001,8.676
Grain maize,FRK11,2002,8.746
Grain maize,FRK11,2003,6.891
Grain maize,FRK11,2004,6.047
Grain maize,FRK11,2005,6.545
Grain maize,FRK11,2006,5.82
Grain maize,FRK11,2007,10.022
Grain maize,FRK11,2008,9.12
Grain maize,FRK11,2009,10.04
Grain maize,FRK11,2010,9.198
Grain maize,FRK11,2011,9.59
Grain maize,FRK11,2012,9.131
Grain maize,FRK11,2013,9.779
Grain maize,FRK11,2014,11.2
Grain maize,FRK11,2015,8.18
Grain maize,FRK11,2016,8.595
Grain maize,FRK11,2017,10.534
Grain maize,FRK11,2018,9.46
Grain maize,FRK11,2019,7.87
Grain maize,FRK11,2020,8.45
Grain maize,FRK12,1989,6.0
Grain maize,FRK12,1990,7.0
Grain maize,FRK12,1991,7.0
Grain maize,FRK12,1992,7.0
Grain maize,FRK12,1993,10.0
Grain maize,FRK12,1994,10.0
Grain maize,FRK12,1995,10.0
Grain maize,FRK12,1996,10.0
Grain maize,FRK12,1997,10.0
Grain maize,FRK12,1998,10.0
Grain maize,FRK12,1999,9.6
Grain maize,FRK12,2000,9.6
Grain maize,FRK12,2001,8.0
Grain maize,FRK12,2002,8.0
Grain maize,FRK12,2003,0.0
Grain maize,FRK12,2004,9.0
Grain maize,FRK12,2005,0.0
Grain maize,FRK12,2006,0.0
Grain maize,FRK12,2007,0.0
Grain maize,FRK12,2008,0.0
Grain maize,FRK12,2009,0.0
Grain maize,FRK12,2010,0.0
Grain maize,FRK12,2011,0.0
Grain maize,FRK12,2012,0.0
Grain maize,FRK12,2013,0.0
Grain maize,FRK12,2014,0.0
Grain maize,FRK12,2015,6.0
Grain maize,FRK12,2016,8.517
Grain maize,FRK12,2017,9.0
Grain maize,FRK12,2018,7.9
Grain maize,FRK12,2019,6.1
Grain maize,FRK12,2020,7.6
Grain maize,FRK13,1989,7.0
Grain maize,FRK13,1990,6.7
Grain maize,FRK13,1991,7.0
Grain maize,FRK13,1992,9.0
Grain maize,FRK13,1993,7.0
Grain maize,FRK13,1994,7.0
Grain maize,FRK13,1995,7.5
Grain maize,FRK13,1996,8.0
Grain maize,FRK13,1997,9.5
Grain maize,FRK13,1998,10.0
Grain maize,FRK13,1999,9.6
Grain maize,FRK13,2000,9.0
Grain maize,FRK13,2001,8.546
Grain maize,FRK13,2002,8.543
Grain maize,FRK13,2003,7.0
Grain maize,FRK13,2004,8.54
Grain maize,FRK13,2005,7.641
Grain maize,FRK13,2006,8.456
Grain maize,FRK13,2007,9.299
Grain maize,FRK13,2008,8.5
Grain maize,FRK13,2009,9.0
Grain maize,FRK13,2010,9.0
Grain maize,FRK13,2011,9.0
Grain maize,FRK13,2012,8.9
Grain maize,FRK13,2013,8.5
Grain maize,FRK13,2014,10.4
Grain maize,FRK13,2015,8.0
Grain maize,FRK13,2016,8.828
Grain maize,FRK13,2017,9.0
Grain maize,FRK13,2018,8.17
Grain maize,FRK13,2019,6.08
Grain maize,FRK13,2020,8.61
Grain maize,FRK14,1989,7.5
Grain maize,FRK14,1990,7.0
Grain maize,FRK14,1991,7.0
Grain maize,FRK14,1992,8.0
Grain maize,FRK14,1993,8.5
Grain maize,FRK14,1994,8.9
Grain maize,FRK14,1995,8.5
Grain maize,FRK14,1996,8.2
Grain maize,FRK14,1997,9.0
Grain maize,FRK14,1998,8.0
Grain maize,FRK14,1999,9.18
Grain maize,FRK14,2000,9.81
Grain maize,FRK14,2001,9.3
Grain maize,FRK14,2002,8.7
Grain maize,FRK14,2003,6.0
Grain maize,FRK14,2004,9.6
Grain maize,FRK14,2005,8.3
Grain maize,FRK14,2006,9.1
Grain maize,FRK14,2007,10.272
Grain maize,FRK14,2008,9.027
Grain maize,FRK14,2009,9.46
Grain maize,FRK14,2010,9.178
Grain maize,FRK14,2011,9.175
Grain maize,FRK14,2012,8.46
Grain maize,FRK14,2013,9.292
Grain maize,FRK14,2014,10.962
Grain maize,FRK14,2015,6.831
Grain maize,FRK14,2016,7.406
Grain maize,FRK14,2017,9.08
Grain maize,FRK14,2018,8.59
Grain maize,FRK14,2019,5.52
Grain maize,FRK14,2020,7.25
Grain maize,FRK21,1989,6.7
Grain maize,FRK21,1990,6.5
Grain maize,FRK21,1991,7.5
Grain maize,FRK21,1992,8.0
Grain maize,FRK21,1993,8.6
Grain maize,FRK21,1994,7.5
Grain maize,FRK21,1995,7.5
Grain maize,FRK21,1996,8.6
Grain maize,FRK21,1997,9.2
Grain maize,FRK21,1998,8.575
Grain maize,FRK21,1999,9.407
Grain maize,FRK21,2000,8.95
Grain maize,FRK21,2001,8.2
Grain maize,FRK21,2002,9.3
Grain maize,FRK21,2003,5.9
Grain maize,FRK21,2004,10.3
Grain maize,FRK21,2005,8.6
Grain maize,FRK21,2006,8.9
Grain maize,FRK21,2007,10.502
Grain maize,FRK21,2008,9.103
Grain maize,FRK21,2009,8.992
Grain maize,FRK21,2010,9.198
Grain maize,FRK21,2011,10.786
Grain maize,FRK21,2012,9.662
Grain maize,FRK21,2013,8.21
Grain maize,FRK21,2014,11.225
Grain maize,FRK21,2015,6.769
Grain maize,FRK21,2016,8.94
Grain maize,FRK21,2017,9.629
Grain maize,FRK21,2018,9.3
Grain maize,FRK21,2019,9.35
Grain maize,FRK21,2020,7.63
Grain maize,FRK22,1989,5.2
Grain maize,FRK22,1990,4.0
Grain maize,FRK22,1991,5.7
Grain maize,FRK22,1992,8.3
Grain maize,FRK22,1993,6.2
Grain maize,FRK22,1994,7.6
Grain maize,FRK22,1995,7.5
Grain maize,FRK22,1996,8.0
Grain maize,FRK22,1997,9.1
Grain maize,FRK22,1998,8.756
Grain maize,FRK22,1999,8.8
Grain maize,FRK22,2000,8.5
Grain maize,FRK22,2001,7.141
Grain maize,FRK22,2002,7.425
Grain maize,FRK22,2003,5.0
Grain maize,FRK22,2004,6.92
Grain maize,FRK22,2005,7.667
Grain maize,FRK22,2006,8.009
Grain maize,FRK22,2007,7.995
Grain maize,FRK22,2008,8.313
Grain maize,FRK22,2009,7.204
Grain maize,FRK22,2010,7.226
Grain maize,FRK22,2011,9.5
Grain maize,FRK22,2012,8.309
Grain maize,FRK22,2013,6.986
Grain maize,FRK22,2014,8.406
Grain maize,FRK22,2015,7.219
Grain maize,FRK22,2016,9.364
Grain maize,FRK22,2017,8.654
Grain maize,FRK22,2018,8.22
Grain maize,FRK22,2019,7.12
Grain maize,FRK22,2020,7.32
Grain maize,FRK23,1989,6.7
Grain maize,FRK23,1990,7.0
Grain maize,FRK23,1991,8.9
Grain maize,FRK23,1992,9.5
Grain maize,FRK23,1993,10.1
Grain maize,FRK23,1994,9.3
Grain maize,FRK23,1995,9.7
Grain maize,FRK23,1996,10.0
Grain maize,FRK23,1997,10.8
Grain maize,FRK23,1998,10.036
Grain maize,FRK23,1999,10.783
Grain maize,FRK23,2000,10.508
Grain maize,FRK23,2001,10.256
Grain maize,FRK23,2002,10.642
Grain maize,FRK23,2003,8.575
Grain maize,FRK23,2004,11.042
Grain maize,FRK23,2005,11.488
Grain maize,FRK23,2006,11.071
Grain maize,FRK23,2007,11.4
Grain maize,FRK23,2008,10.9
Grain maize,FRK23,2009,10.203
Grain maize,FRK23,2010,9.213
Grain maize,FRK23,2011,11.185
Grain maize,FRK23,2012,10.243
Grain maize,FRK23,2013,8.277
Grain maize,FRK23,2014,10.136
Grain maize,FRK23,2015,9.885
Grain maize,FRK23,2016,10.925
Grain maize,FRK23,2017,10.186
Grain maize,FRK23,2018,9.85
Grain maize,FRK23,2019,8.98
Grain maize,FRK23,2020,10.05
Grain maize,FRK24,1989,6.5
Grain maize,FRK24,1990,6.5
Grain maize,FRK24,1991,7.2
Grain maize,FRK24,1992,8.0
Grain maize,FRK24,1993,8.9
Grain maize,FRK24,1994,7.7
Grain maize,FRK24,1995,7.8
Grain maize,FRK24,1996,9.0
Grain maize,FRK24,1997,9.5
Grain maize,FRK24,1998,8.857
Grain maize,FRK24,1999,9.507
Grain maize,FRK24,2000,9.6
Grain maize,FRK24,2001,9.376
Grain maize,FRK24,2002,9.608
Grain maize,FRK24,2003,5.789
Grain maize,FRK24,2004,8.538
Grain maize,FRK24,2005,9.706
Grain maize,FRK24,2006,9.806
Grain maize,FRK24,2007,9.993
Grain maize,FRK24,2008,10.103
Grain maize,FRK24,2009,8.996
Grain maize,FRK24,2010,8.533
Grain maize,FRK24,2011,11.528
Grain maize,FRK24,2012,9.182
Grain maize,FRK24,2013,9.186
Grain maize,FRK24,2014,11.5
Grain maize,FRK24,2015,8.48
Grain maize,FRK24,2016,9.764
Grain maize,FRK24,2017,10.127
Grain maize,FRK24,2018,9.38
Grain maize,FRK24,2019,9.07
Grain maize,FRK24,2020,8.35
Grain maize,FRK25,1989,6.0
Grain maize,FRK25,1990,6.0
Grain maize,FRK25,1991,6.0
Grain maize,FRK25,1992,7.5
Grain maize,FRK25,1993,7.5
Grain maize,FRK25,1994,7.5
Grain maize,FRK25,1995,8.0
Grain maize,FRK25,1996,8.013
Grain maize,FRK25,1997,9.0
Grain maize,FRK25,1998,8.7
Grain maize,FRK25,1999,9.0
Grain maize,FRK25,2000,8.481
Grain maize,FRK25,2001,8.7
Grain maize,FRK25,2002,9.296
Grain maize,FRK25,2003,8.5
Grain maize,FRK25,2004,7.999
Grain maize,FRK25,2005,9.465
Grain maize,FRK25,2006,9.708
Grain maize,FRK25,2007,10.611
Grain maize,FRK25,2008,10.736
Grain maize,FRK25,2009,10.4
Grain maize,FRK25,2010,10.667
Grain maize,FRK25,2011,11.684
Grain maize,FRK25,2012,11.024
Grain maize,FRK25,2013,9.714
Grain maize,FRK25,2014,10.978
Grain maize,FRK25,2015,9.122
Grain maize,FRK25,2016,10.438
Grain maize,FRK25,2017,9.2
Grain maize,FRK25,2018,8.4
Grain maize,FRK25,2019,7.82
Grain maize,FRK25,2020,7.18
Grain maize,FRK26,1989,6.225
Grain maize,FRK26,1990,6.0
Grain maize,FRK26,1991,6.0
Grain maize,FRK26,1992,7.5
Grain maize,FRK26,1993,8.0
Grain maize,FRK26,1994,7.2
Grain maize,FRK26,1995,8.3
Grain maize,FRK26,1996,9.4
Grain maize,FRK26,1997,9.0
Grain maize,FRK26,1998,8.75
Grain maize,FRK26,1999,8.741
Grain maize,FRK26,2000,9.464
Grain maize,FRK26,2001,9.5
Grain maize,FRK26,2002,9.6
Grain maize,FRK26,2003,7.1
Grain maize,FRK26,2004,9.3
Grain maize,FRK26,2005,7.3
Grain maize,FRK26,2006,9.2
Grain maize,FRK26,2007,10.104
Grain maize,FRK26,2008,10.185
Grain maize,FRK26,2009,9.414
Grain maize,FRK26,2010,9.154
Grain maize,FRK26,2011,10.184
Grain maize,FRK26,2012,9.868
Grain maize,FRK26,2013,8.96
Grain maize,FRK26,2014,10.793
Grain maize,FRK26,2015,7.985
Grain maize,FRK26,2016,10.206
Grain maize,FRK26,2017,10.152
Grain maize,FRK26,2018,9.82
Grain maize,FRK26,2019,9.42
Grain maize,FRK26,2020,8.97
Grain maize,FRK27,1989,6.5
Grain maize,FRK27,1990,7.2
Grain maize,FRK27,1991,8.0
Grain maize,FRK27,1992,8.0
Grain maize,FRK27,1993,9.0
Grain maize,FRK27,1994,7.0
Grain maize,FRK27,1995,8.0
Grain maize,FRK27,1996,9.0
Grain maize,FRK27,1997,9.5
Grain maize,FRK27,1998,8.48
Grain maize,FRK27,1999,9.094
Grain maize,FRK27,2000,8.81
Grain maize,FRK27,2001,9.1
Grain maize,FRK27,2002,9.0
Grain maize,FRK27,2003,5.7
Grain maize,FRK27,2004,9.0
Grain maize,FRK27,2005,9.6
Grain maize,FRK27,2006,9.6
Grain maize,FRK27,2007,10.529
Grain maize,FRK27,2008,10.529
Grain maize,FRK27,2009,7.743
Grain maize,FRK27,2010,8.726
Grain maize,FRK27,2011,11.222
Grain maize,FRK27,2012,9.172
Grain maize,FRK27,2013,9.421
Grain maize,FRK27,2014,10.0
Grain maize,FRK27,2015,7.514
Grain maize,FRK27,2016,10.313
Grain maize,FRK27,2017,9.675
Grain maize,FRK27,2018,8.88
Grain maize,FRK27,2019,8.57
Grain maize,FRK27,2020,9.26
Grain maize,FRK28,1989,5.0
Grain maize,FRK28,1990,6.5
Grain maize,FRK28,1991,6.5
Grain maize,FRK28,1992,7.0
Grain maize,FRK28,1993,7.7
Grain maize,FRK28,1994,7.0
Grain maize,FRK28,1995,7.0
Grain maize,FRK28,1996,8.5
Grain maize,FRK28,1997,8.2
Grain maize,FRK28,1998,8.082
Grain maize,FRK28,1999,7.7
Grain maize,FRK28,2000,8.5
Grain maize,FRK28,2001,8.1
Grain maize,FRK28,2002,9.0
Grain maize,FRK28,2003,5.3
Grain maize,FRK28,2004,8.1
Grain maize,FRK28,2005,9.2
Grain maize,FRK28,2006,8.7
Grain maize,FRK28,2007,9.643
Grain maize,FRK28,2008,9.193
Grain maize,FRK28,2009,8.489
Grain maize,FRK28,2010,7.88
Grain maize,FRK28,2011,10.048
Grain maize,FRK28,2012,8.462
Grain maize,FRK28,2013,7.461
Grain maize,FRK28,2014,9.158
Grain maize,FRK28,2015,7.071
Grain maize,FRK28,2016,9.602
Grain maize,FRK28,2017,9.101
Grain maize,FRK28,2018,7.34
Grain maize,FRK28,2019,7.92
Grain maize,FRK28,2020,8.7
Grain maize,FRL01,1989,7.5
Grain maize,FRL01,1990,7.501
Grain maize,FRL01,1991,9.501
Grain maize,FRL01,1992,9.8
Grain maize,FRL01,1993,9.8
Grain maize,FRL01,1994,9.9
Grain maize,FRL01,1995,9.817
Grain maize,FRL01,1996,8.829
Grain maize,FRL01,1997,9.783
Grain maize,FRL01,1998,9.971
Grain maize,FRL01,1999,9.848
Grain maize,FRL01,2000,10.415
Grain maize,FRL01,2001,9.799
Grain maize,FRL01,2002,10.278
Grain maize,FRL01,2003,9.475
Grain maize,FRL01,2004,9.756
Grain maize,FRL01,2005,10.136
Grain maize,FRL01,2006,7.619
Grain maize,FRL01,2007,12.003
Grain maize,FRL01,2008,12.2
Grain maize,FRL01,2009,12.0
Grain maize,FRL01,2010,12.2
Grain maize,FRL01,2011,11.5
Grain maize,FRL01,2012,11.5
Grain maize,FRL01,2013,11.0
Grain maize,FRL01,2014,11.5
Grain maize,FRL01,2015,12.0
Grain maize,FRL01,2016,11.0
Grain maize,FRL01,2017,12.15
Grain maize,FRL01,2018,12.0
Grain maize,FRL01,2019,10.79
Grain maize,FRL01,2020,11.0
Grain maize,FRL02,1989,7.5
Grain maize,FRL02,1990,9.4
Grain maize,FRL02,1991,10.0
Grain maize,FRL02,1992,10.0
Grain maize,FRL02,1993,9.0
Grain maize,FRL02,1994,9.0
Grain maize,FRL02,1995,8.9
Grain maize,FRL02,1996,9.5
Grain maize,FRL02,1997,10.0
Grain maize,FRL02,1998,10.0
Grain maize,FRL02,1999,9.2
Grain maize,FRL02,2000,8.5
Grain maize,FRL02,2001,8.5
Grain maize,FRL02,2002,9.5
Grain maize,FRL02,2003,9.5
Grain maize,FRL02,2004,10.3
Grain maize,FRL02,2005,9.4
Grain maize,FRL02,2006,9.8
Grain maize,FRL02,2007,12.0
Grain maize,FRL02,2008,11.5
Grain maize,FRL02,2009,12.3
Grain maize,FRL02,2010,12.2
Grain maize,FRL02,2011,11.5
Grain maize,FRL02,2012,11.5
Grain maize,FRL02,2013,10.5
Grain maize,FRL02,2014,11.5
Grain maize,FRL02,2015,12.0
Grain maize,FRL02,2016,10.995
Grain maize,FRL02,2017,11.521
Grain maize,FRL02,2018,11.5
Grain maize,FRL02,2019,9.8
Grain maize,FRL02,2020,9.6
Grain maize,FRL03,1989,3.0
Grain maize,FRL03,1990,2.5
Grain maize,FRL03,1991,3.7
Grain maize,FRL03,1992,6.0
Grain maize,FRL03,1993,6.0
Grain maize,FRL03,1994,6.0
Grain maize,FRL03,1995,6.0
Grain maize,FRL03,1996,10.0
Grain maize,FRL03,1997,12.0
Grain maize,FRL03,1998,12.0
Grain maize,FRL03,1999,7.0
Grain maize,FRL03,2000,7.0
Grain maize,FRL03,2001,7.0
Grain maize,FRL03,2002,7.0
Grain maize,FRL03,2003,7.0
Grain maize,FRL03,2004,9.0
Grain maize,FRL03,2005,9.0
Grain maize,FRL03,2006,0.0
Grain maize,FRL03,2007,0.0
Grain maize,FRL03,2008,0.0
Grain maize,FRL03,2009,0.0
Grain maize,FRL03,2010,12.2
Grain maize,FRL03,2011,0.0
Grain maize,FRL03,2012,0.0
Grain maize,FRL03,2013,0.0
Grain maize,FRL03,2014,0.0
Grain maize,FRL03,2015,0.0
Grain maize,FRL03,2016,0.0
Grain maize,FRL03,2017,0.0
Grain maize,FRL03,2018,0.0
Grain maize,FRL03,2019,0.0
Grain maize,FRL03,2020,0.0
Grain maize,FRL04,1989,6.9
Grain maize,FRL04,1990,8.9
Grain maize,FRL04,1991,8.219
Grain maize,FRL04,1992,9.202
Grain maize,FRL04,1993,9.0
Grain maize,FRL04,1994,9.48
Grain maize,FRL04,1995,9.0
Grain maize,FRL04,1996,10.007
Grain maize,FRL04,1997,8.532
Grain maize,FRL04,1998,8.896
Grain maize,FRL04,1999,8.0
Grain maize,FRL04,2000,7.5
Grain maize,FRL04,2001,9.0
Grain maize,FRL04,2002,9.8
Grain maize,FRL04,2003,9.0
Grain maize,FRL04,2004,9.0
Grain maize,FRL04,2005,8.5
Grain maize,FRL04,2006,8.0
Grain maize,FRL04,2007,9.0
Grain maize,FRL04,2008,10.0
Grain maize,FRL04,2009,9.0
Grain maize,FRL04,2010,11.5
Grain maize,FRL04,2011,11.5
Grain maize,FRL04,2012,11.5
Grain maize,FRL04,2013,10.5
Grain maize,FRL04,2014,10.7
Grain maize,FRL04,2015,10.7
Grain maize,FRL04,2016,11.0
Grain maize,FRL04,2017,11.0
Grain maize,FRL04,2018,11.8
Grain maize,FRL04,2019,9.5
Grain maize,FRL04,2020,9.0
Grain maize,FRL05,1989,7.0
Grain maize,FRL05,1990,8.5
Grain maize,FRL05,1991,7.8
Grain maize,FRL05,1992,10.5
Grain maize,FRL05,1993,9.0
Grain maize,FRL05,1994,9.0
Grain maize,FRL05,1995,12.0
Grain maize,FRL05,1996,12.0
Grain maize,FRL05,1997,12.0
Grain maize,FRL05,1998,11.0
Grain maize,FRL05,1999,11.5
Grain maize,FRL05,2000,11.5
Grain maize,FRL05,2001,11.5
Grain maize,FRL05,2002,12.0
Grain maize,FRL05,2003,10.0
Grain maize,FRL05,2004,12.0
Grain maize,FRL05,2005,12.0
Grain maize,FRL05,2006,10.0
Grain maize,FRL05,2007,12.0
Grain maize,FRL05,2008,12.0
Grain maize,FRL05,2009,12.0
Grain maize,FRL05,2010,12.2
Grain maize,FRL05,2011,12.0
Grain maize,FRL05,2012,12.0
Grain maize,FRL05,2013,11.0
Grain maize,FRL05,2014,11.5
Grain maize,FRL05,2015,12.0
Grain maize,FRL05,2016,11.0
Grain maize,FRL05,2017,13.03
Grain maize,FRL05,2018,12.2
Grain maize,FRL05,2019,11.03
Grain maize,FRL05,2020,10.0
Grain maize,FRL06,1989,6.4
Grain maize,FRL06,1990,5.31
Grain maize,FRL06,1991,6.0
Grain maize,FRL06,1992,6.0
Grain maize,FRL06,1993,7.1
Grain maize,FRL06,1994,6.9
Grain maize,FRL06,1995,7.158
Grain maize,FRL06,1996,7.9
Grain maize,FRL06,1997,7.88
Grain maize,FRL06,1998,6.783
Grain maize,FRL06,1999,8.506
Grain maize,FRL06,2000,8.57
Grain maize,FRL06,2001,7.761
Grain maize,FRL06,2002,9.24
Grain maize,FRL06,2003,6.046
Grain maize,FRL06,2004,9.798
Grain maize,FRL06,2005,8.859
Grain maize,FRL06,2006,8.199
Grain maize,FRL06,2007,9.998
Grain maize,FRL06,2008,9.0
Grain maize,FRL06,2009,8.6
Grain maize,FRL06,2010,10.5
Grain maize,FRL06,2011,10.7
Grain maize,FRL06,2012,11.5
Grain maize,FRL06,2013,9.5
Grain maize,FRL06,2014,10.5
Grain maize,FRL06,2015,7.5
Grain maize,FRL06,2016,9.0
Grain maize,FRL06,2017,9.015
Grain maize,FRL06,2018,9.17
Grain maize,FRL06,2019,8.0
Grain maize,FRL06,2020,8.0
Grain maize,FRM01,1989,3.5
Grain maize,FRM01,1990,2.5
Grain maize,FRM01,1991,3.5
Grain maize,FRM01,1992,3.5
Grain maize,FRM01,1993,3.5
Grain maize,FRM01,1994,3.5
Grain maize,FRM01,1995,5.0
Grain maize,FRM01,1996,6.0
Grain maize,FRM01,1997,5.4
Grain maize,FRM01,1998,5.0
Grain maize,FRM01,1999,7.5
Grain maize,FRM01,2000,7.5
Grain maize,FRM01,2001,0.0
Grain maize,FRM01,2002,0.0
Grain maize,FRM01,2003,0.0
Grain maize,FRM01,2004,0.0
Grain maize,FRM01,2005,0.0
Grain maize,FRM01,2006,0.0
Grain maize,FRM01,2007,0.0
Grain maize,FRM01,2008,0.0
Grain maize,FRM01,2009,0.0
Grain maize,FRM01,2010,0.0
Grain maize,FRM01,2011,0.0
Grain maize,FRM01,2012,0.0
Grain maize,FRM01,2013,11.0
Grain maize,FRM01,2014,11.0
Grain maize,FRM01,2015,11.0
Grain maize,FRM01,2016,11.0
Grain maize,FRM01,2017,11.5
Grain maize,FRM01,2018,12.0
Grain maize,FRM01,2019,12.0
Grain maize,FRM01,2020,12.0
Grain maize,FRM02,1989,9.0
Grain maize,FRM02,1990,9.0
Grain maize,FRM02,1991,8.5
Grain maize,FRM02,1992,9.4
Grain maize,FRM02,1993,9.5
Grain maize,FRM02,1994,9.5
Grain maize,FRM02,1995,9.5
Grain maize,FRM02,1996,9.5
Grain maize,FRM02,1997,9.5
Grain maize,FRM02,1998,8.0
Grain maize,FRM02,1999,9.5
Grain maize,FRM02,2000,9.5
Grain maize,FRM02,2001,9.5
Grain maize,FRM02,2002,10.0
Grain maize,FRM02,2003,7.5
Grain maize,FRM02,2004,9.5
Grain maize,FRM02,2005,10.0
Grain maize,FRM02,2006,8.5
Grain maize,FRM02,2007,9.5
Grain maize,FRM02,2008,2.0
Grain maize,FRM02,2009,10.0
Grain maize,FRM02,2010,10.0
Grain maize,FRM02,2011,10.0
Grain maize,FRM02,2012,11.0
Grain maize,FRM02,2013,11.0
Grain maize,FRM02,2014,11.0
Grain maize,FRM02,2015,11.0
Grain maize,FRM02,2016,11.0
Grain maize,FRM02,2017,11.5
Grain maize,FRM02,2018,12.0
Grain maize,FRM02,2019,12.0
Grain maize,FRM02,2020,12.0
